Workbook

Sheet Primitives
A1: Primitives: vertex and triangle counts of the 16 mesh generators
A2: Legend: yellow = input from the code; white = formula.
A3: Source: src/primitives/*.cpp (Library.h lists the scene's generator calls); exported counts and parameters: ts --export-docs 'primitives' (P01..P16).
A5: Primitive | B5: Generator call | C5: param a | D5: param b | E5: V formula | F5: V | G5: T formula | H5: T | I5: indices I = 3T | J5: bytes indexed 24V+4I | K5: bytes non-indexed 72T | L5: V export | M5: T export | N5: dV | O5: dT | P5: instances (export) | Q5: scene triangles T export x inst
A6: 1 cube | B6: createCube() | C6: - | D6: - | E6: 6 x 4 | F6: =6*4 | G6: 6 x 2 | H6: =6*2 | I6: =3*H6 | J6: =24*F6+4*I6 | K6: =72*H6 | L6: 24 | M6: 12 | N6: =F6-L6 | O6: =H6-M6 | P6: 24 | Q6: =M6*P6
A7: 2 cuboid | B7: createCube(), S non-uniform | C7: - | D7: - | E7: 6 x 4 | F7: =6*4 | G7: 6 x 2 | H7: =6*2 | I7: =3*H7 | J7: =24*F7+4*I7 | K7: =72*H7 | L7: 24 | M7: 12 | N7: =F7-L7 | O7: =H7-M7 | P7: 2443 | Q7: =M7*P7
A8: 3 sphere | B8: createSphere(36, 18) | C8: 36 | D8: 18 | E8: (k-1)s + 2 | F8: =(D8-1)*C8+2 | G8: 2s(k-1) | H8: =2*C8*(D8-1) | I8: =3*H8 | J8: =24*F8+4*I8 | K8: =72*H8 | L8: 614 | M8: 1224 | N8: =F8-L8 | O8: =H8-M8 | P8: 808 | Q8: =M8*P8
A9: 4 hemisphere | B9: createHemisphere(36, 9) | C9: 36 | D9: 9 | E9: s(k+1) + 2 | F9: =C9*(D9+1)+2 | G9: 2sk | H9: =2*C9*D9 | I9: =3*H9 | J9: =24*F9+4*I9 | K9: =72*H9 | L9: 362 | M9: 648 | N9: =F9-L9 | O9: =H9-M9 | P9: 10 | Q9: =M9*P9
A10: 5 cylinder | B10: createCylinder(36) | C10: 36 | D10: - | E10: 4s + 2 | F10: =4*C10+2 | G10: 4s | H10: =4*C10 | I10: =3*H10 | J10: =24*F10+4*I10 | K10: =72*H10 | L10: 146 | M10: 144 | N10: =F10-L10 | O10: =H10-M10 | P10: 1358 | Q10: =M10*P10
A11: 6 frustum | B11: createCylinder(36, 0.03, 0.5, false) | C11: 36 | D11: - | E11: 2s | F11: =2*C11 | G11: 2s | H11: =2*C11 | I11: =3*H11 | J11: =24*F11+4*I11 | K11: =72*H11 | L11: 72 | M11: 72 | N11: =F11-L11 | O11: =H11-M11 | P11: 3 | Q11: =M11*P11
A12: 7 cone | B12: createCylinder(36, 0.5, 0, true) | C12: 36 | D12: - | E12: 3s + 1 | F12: =3*C12+1 | G12: 2s | H12: =2*C12 | I12: =3*H12 | J12: =24*F12+4*I12 | K12: =72*H12 | L12: 109 | M12: 72 | N12: =F12-L12 | O12: =H12-M12 | P12: 295 | Q12: =M12*P12
A13: 8 torus | B13: createTorus(0.35, 0.15, 36, 16) | C13: 36 | D13: 16 | E13: uv | F13: =C13*D13 | G13: 2uv | H13: =2*C13*D13 | I13: =3*H13 | J13: =24*F13+4*I13 | K13: =72*H13 | L13: 576 | M13: 1152 | N13: =F13-L13 | O13: =H13-M13 | P13: 97 | Q13: =M13*P13
A14: 9 wedge | B14: createWedge() | C14: - | D14: - | E14: 3 x 4 + 2 x 3 | F14: =3*4+2*3 | G14: 3 x 2 + 2 | H14: =3*2+2*1 | I14: =3*H14 | J14: =24*F14+4*I14 | K14: =72*H14 | L14: 18 | M14: 8 | N14: =F14-L14 | O14: =H14-M14 | P14: 6 | Q14: =M14*P14
A15: 10 tapered box | B15: createTaperedBox(0.8, 0.8) | C15: - | D15: - | E15: 6 x 4 | F15: =6*4 | G15: 6 x 2 | H15: =6*2 | I15: =3*H15 | J15: =24*F15+4*I15 | K15: =72*H15 | L15: 24 | M15: 12 | N15: =F15-L15 | O15: =H15-M15 | P15: 11 | Q15: =M15*P15
A16: 11 pyramid | B16: createPyramid() | C16: - | D16: - | E16: 4 + 4 x 3 | F16: =4+4*3 | G16: 2 + 4 | H16: =2+4 | I16: =3*H16 | J16: =24*F16+4*I16 | K16: =72*H16 | L16: 16 | M16: 6 | N16: =F16-L16 | O16: =H16-M16 | P16: 2 | Q16: =M16*P16
A17: 12 capsule | B17: createCapsule(16, 3, 0.25) | C17: 16 | D17: 3 | E17: 2cs + 2 | F17: =2*D17*C17+2 | G17: 4cs | H17: =4*D17*C17 | I17: =3*H17 | J17: =24*F17+4*I17 | K17: =72*H17 | L17: 98 | M17: 192 | N17: =F17-L17 | O17: =H17-M17 | P17: 364 | Q17: =M17*P17
A18: 13 annulus | B18: createAnnulus(0.43, 48) | C18: 48 | D18: - | E18: 4n | F18: =4*C18 | G18: 4n | H18: =4*C18 | I18: =3*H18 | J18: =24*F18+4*I18 | K18: =72*H18 | L18: 192 | M18: 192 | N18: =F18-L18 | O18: =H18-M18 | P18: 2 | Q18: =M18*P18
A19: 14 helix | B19: createHelix(0.475, 0.025, 5, 120, 6) | C19: 120 | D19: 6 | E19: (n+1)m + 2(m+1) | F19: =(C19+1)*D19+2*(D19+1) | G19: 2nm + 2m | H19: =2*C19*D19+2*D19 | I19: =3*H19 | J19: =24*F19+4*I19 | K19: =72*H19 | L19: 740 | M19: 1452 | N19: =F19-L19 | O19: =H19-M19 | P19: 52 | Q19: =M19*P19
A20: 15 grass blade | B20: createGrassBlade() | C20: - | D20: 3 | E20: 2 x rows + 1 | F20: =2*D20+1 | G20: 2(rows-1) + 1 | H20: =2*(D20-1)+1 | I20: =3*H20 | J20: =24*F20+4*I20 | K20: =72*H20 | L20: 7 | M20: 5 | N20: =F20-L20 | O20: =H20-M20 | P20: 0 | Q20: =M20*P20
A21: 16 terrain disc | B21: createTerrainDisc(130, 384, 36) | C21: 384 | D21: 130 | E21: 1 + ks | F21: =1+D21*C21 | G21: s(2k-1) - D | H21: =C21*(2*D21-1)-2016 | I21: =3*H21 | J21: =24*F21+4*I21 | K21: =72*H21 | L21: 49921 | M21: 97440 | N21: =F21-L21 | O21: =H21-M21 | P21: 1 | Q21: =M21*P21
A22: Scene total (parts) | P22: =SUM(P6:P21) | Q22: =SUM(Q6:Q21)
A23: dV = dT = 0: the closed-form counts match the exported meshes. Terrain: D = triangles dropped inside the entrance trench (export params.trench_dropped). Grass blade: 0 scene parts, 450000 GPU instances at EPIC.
A24: Bytes: 24-byte vertex (position + normal, 6 floats), 4-byte indices; non-indexed = 3 vertices per triangle (72 bytes). Exported bytes_indexed / bytes_non_indexed agree.
A26: Parametric equations (local space, unit size; export 'parametric' and 'axis')
A27: Primitive | B27: Point p(parameters) | J27: Placement / axis
A28: 1 cube | B28: corners: (0.5,-0.5,0.5) (0.5,-0.5,-0.5) (0.5,0.5,-0.5) (0.5,0.5,0.5) (-0.5,-0.5,-0.5) (-0.5,-0.5,0.5) (-0.5,0.5,0.5) (-0.5,0.5,-0.5) | J28: centred, x, y, z in [-0.5, 0.5]
A29: 2 cuboid | B29: corners: (0.5,-0.5,0.5) (0.5,-0.5,-0.5) (0.5,0.5,-0.5) (0.5,0.5,0.5) (-0.5,-0.5,-0.5) (-0.5,-0.5,0.5) (-0.5,0.5,0.5) (-0.5,0.5,-0.5) | J29: the cube mesh, S per part
A30: 3 sphere | B30: p = 0.5 (sin(theta) cos(phi), cos(theta), sin(theta) sin(phi)), theta = pi i / k, phi = 2 pi j / s; north half generated, south half by reflection y -> -y | J30: poles on Y
A31: 4 hemisphere | B31: p = (0.5 sin(theta) cos(phi), -0.5 + cos(theta), -0.5 sin(theta) sin(phi)), theta = (pi / 2) i / k, phi = 2 pi j / s; base disc y = -0.5 | J31: pole +Y, base disc at y = -0.5
A32: 5 cylinder | B32: p = (r cos(phi), r sin(phi), +-0.5), phi = 2 pi j / s; caps: centre + own ring (normal +-Z) | J32: axis Z
A33: 6 frustum | B33: p = (r(z) cos(phi), r(z) sin(phi), z), r(-0.5) = r_bottom, r(+0.5) = r_top; side normal (cos, sin, r_bottom - r_top) | J33: axis Z, open ends
A34: 7 cone | B34: cylinder generator with r_top = 0: apex (0, 0, 0.5), base disc z = -0.5 | J34: axis Z, apex +Z
A35: 8 torus | B35: p = ((R + r cos v) cos u, (R + r cos v) sin u, r sin v), n = (cos v cos u, cos v sin u, sin v) | J35: axis Z, R + r = 0.5, z in [-r, r]
A36: 9 wedge | B36: corners: (-0.5,-0.5,-0.5) (0.5,-0.5,-0.5) (0.5,-0.5,0.5) (-0.5,-0.5,0.5) (-0.5,0.5,-0.5) (0.5,0.5,-0.5) | J36: triangle (y, z) = (-,-) (-,+) (+,-) extruded along X; slope faces +Y +Z
A37: 10 tapered box | B37: corners: (-0.5,-0.5,-0.5) (0.5,-0.5,-0.5) (0.5,-0.5,0.5) (-0.5,-0.5,0.5) (-0.4,0.5,-0.4) (-0.4,0.5,0.4) (0.4,0.5,0.4) (0.4,0.5,-0.4) | J37: bottom 1 x 1 at y = -0.5, top at y = +0.5
A38: 11 pyramid | B38: corners: (-0.5,-0.5,-0.5) (0.5,-0.5,-0.5) (0.5,-0.5,0.5) (-0.5,-0.5,0.5) (0,0.5,0) | J38: base 1 x 1 at y = -0.5, apex +Y
... A43: 16 terrain disc | B43: polar grid r = R i / k, phi = 2 pi j / s, y = terrainHeight(x, z), n = terrain normal | J43: world units (radius R), Y up

Sheet Decomposition
A1: Decomposition: objects as hierarchies of primitive parts
A2: Legend: yellow = input from the code; white = formula.
A3: Source: ts --export-docs 'components' (S, R_deg, T, parent, colour, specular, shininess) and 'objects'; objects/*.cpp Builder. Rows below list every drawn part (leaf) of UAV-1 and of Soldier 1.
A5: 1. Object-level primitive totals (whole scene, from the export) | W5: 2. Parts per primitive (COUNTIFS over the part rows)
A6: Object | B6: Cube | C6: Wedge | D6: Tapered box | E6: Pyramid | F6: Sphere | G6: Hemisphere | H6: Capsule | I6: Cylinder | J6: Cylinder (frustum) | K6: Cone | L6: Torus | M6: Annulus | N6: Helix | O6: Terrain disc | P6: parts (sum) | Q6: parts export | R6: check | S6: groups | T6: animated nodes | W6: Primitive | X6: UAV-1 COUNTIFS | Y6: UAV-1 export | Z6: check | AA6: Soldier 1 COUNTIFS | AB6: Soldier 1 export | AC6: check
A7: Terrain | O7: 1 | P7: =SUM(B7:O7) | Q7: 1 | R7: =IF(P7=Q7,"OK","DIFF") | S7: 1 | T7: 0 | W7: Cube | X7: =COUNTIFS($C$45:$C$123,W7) | Y7: 34 | Z7: =IF(X7=Y7,"OK","DIFF") | AA7: =COUNTIFS($C$128:$C$202,W7) | AB7: 16 | AC7: =IF(AA7=AB7,"OK","DIFF")
A8: Backdrop | F8: 24 | I8: 10 | K8: 86 | P8: =SUM(B8:O8) | Q8: 120 | R8: =IF(P8=Q8,"OK","DIFF") | S8: 47 | T8: 3 | W8: Wedge | X8: =COUNTIFS($C$45:$C$123,W8) | Y8: 0 | Z8: =IF(X8=Y8,"OK","DIFF") | AA8: =COUNTIFS($C$128:$C$202,W8) | AB8: 0 | AC8: =IF(AA8=AB8,"OK","DIFF")
A9: Environment | B9: 46 | F9: 201 | H9: 57 | I9: 180 | K9: 168 | P9: =SUM(B9:O9) | Q9: 652 | R9: =IF(P9=Q9,"OK","DIFF") | S9: 89 | T9: 2 | W9: Tapered box | X9: =COUNTIFS($C$45:$C$123,W9) | Y9: 0 | Z9: =IF(X9=Y9,"OK","DIFF") | AA9: =COUNTIFS($C$128:$C$202,W9) | AB9: 1 | AC9: =IF(AA9=AB9,"OK","DIFF")
A10: Command Bunker | B10: 308 | C10: 1 | F10: 18 | G10: 1 | H10: 9 | I10: 90 | P10: =SUM(B10:O10) | Q10: 427 | R10: =IF(P10=Q10,"OK","DIFF") | S10: 18 | T10: 18 | W10: Pyramid | X10: =COUNTIFS($C$45:$C$123,W10) | Y10: 0 | Z10: =IF(X10=Y10,"OK","DIFF") | AA10: =COUNTIFS($C$128:$C$202,W10) | AB10: 0 | AC10: =IF(AA10=AB10,"OK","DIFF")
A11: Autonomous UAV | B11: 68 | F11: 26 | I11: 46 | J11: 2 | K11: 8 | L11: 8 | P11: =SUM(B11:O11) | Q11: 158 | R11: =IF(P11=Q11,"OK","DIFF") | S11: 34 | T11: 26 | W11: Sphere | X11: =COUNTIFS($C$45:$C$123,W11) | Y11: 13 | Z11: =IF(X11=Y11,"OK","DIFF") | AA11: =COUNTIFS($C$128:$C$202,W11) | AB11: 37 | AC11: =IF(AA11=AB11,"OK","DIFF")
A12: Base | B12: 556 | E12: 2 | F12: 41 | H12: 71 | I12: 271 | N12: 52 | P12: =SUM(B12:O12) | Q12: 993 | R12: =IF(P12=Q12,"OK","DIFF") | S12: 33 | T12: 0 | W12: Hemisphere | X12: =COUNTIFS($C$45:$C$123,W12) | Y12: 0 | Z12: =IF(X12=Y12,"OK","DIFF") | AA12: =COUNTIFS($C$128:$C$202,W12) | AB12: 1 | AC12: =IF(AA12=AB12,"OK","DIFF")
A13: Barracks hall | B13: 225 | F13: 2 | I13: 50 | P13: =SUM(B13:O13) | Q13: 277 | R13: =IF(P13=Q13,"OK","DIFF") | S13: 5 | T13: 1 | W13: Capsule | X13: =COUNTIFS($C$45:$C$123,W13) | Y13: 0 | Z13: =IF(X13=Y13,"OK","DIFF") | AA13: =COUNTIFS($C$128:$C$202,W13) | AB13: 0 | AC13: =IF(AA13=AB13,"OK","DIFF")
A14: UAV pads | B14: 4 | F14: 8 | I14: 4 | M14: 2 | P14: =SUM(B14:O14) | Q14: 18 | R14: =IF(P14=Q14,"OK","DIFF") | S14: 3 | T14: 0 | W14: Cylinder | X14: =COUNTIFS($C$45:$C$123,W14) | Y14: 23 | Z14: =IF(X14=Y14,"OK","DIFF") | AA14: =COUNTIFS($C$128:$C$202,W14) | AB14: 20 | AC14: =IF(AA14=AB14,"OK","DIFF")
A15: Target Rover | B15: 36 | F15: 72 | I15: 48 | P15: =SUM(B15:O15) | Q15: 156 | R15: =IF(P15=Q15,"OK","DIFF") | S15: 12 | T15: 48 | W15: Cylinder (frustum) | X15: =COUNTIFS($C$45:$C$123,W15) | Y15: 1 | Z15: =IF(X15=Y15,"OK","DIFF") | AA15: =COUNTIFS($C$128:$C$202,W15) | AB15: 0 | AC15: =IF(AA15=AB15,"OK","DIFF")
A16: Main Battle Tank | B16: 168 | C16: 1 | D16: 1 | F16: 5 | I16: 61 | L16: 19 | P16: =SUM(B16:O16) | Q16: 255 | R16: =IF(P16=Q16,"OK","DIFF") | S16: 29 | T16: 118 | W16: Cone | X16: =COUNTIFS($C$45:$C$123,W16) | Y16: 4 | Z16: =IF(X16=Y16,"OK","DIFF") | AA16: =COUNTIFS($C$128:$C$202,W16) | AB16: 0 | AC16: =IF(AA16=AB16,"OK","DIFF")
A17: Scout Helicopter | B17: 40 | F17: 21 | I17: 28 | J17: 1 | K17: 1 | P17: =SUM(B17:O17) | Q17: 91 | R17: =IF(P17=Q17,"OK","DIFF") | S17: 19 | T17: 17 | W17: Torus | X17: =COUNTIFS($C$45:$C$123,W17) | Y17: 4 | Z17: =IF(X17=Y17,"OK","DIFF") | AA17: =COUNTIFS($C$128:$C$202,W17) | AB17: 0 | AC17: =IF(AA17=AB17,"OK","DIFF")
A18: AA Gatling Gun | B18: 19 | F18: 4 | G18: 1 | I18: 54 | P18: =SUM(B18:O18) | Q18: 78 | R18: =IF(P18=Q18,"OK","DIFF") | S18: 5 | T18: 26 | W18: Annulus | X18: =COUNTIFS($C$45:$C$123,W18) | Y18: 0 | Z18: =IF(X18=Y18,"OK","DIFF") | AA18: =COUNTIFS($C$128:$C$202,W18) | AB18: 0 | AC18: =IF(AA18=AB18,"OK","DIFF")
A19: Air-defence radar | B19: 62 | F19: 3 | I19: 42 | K19: 1 | P19: =SUM(B19:O19) | Q19: 108 | R19: =IF(P19=Q19,"OK","DIFF") | S19: 4 | T19: 4 | W19: Helix | X19: =COUNTIFS($C$45:$C$123,W19) | Y19: 0 | Z19: =IF(X19=Y19,"OK","DIFF") | AA19: =COUNTIFS($C$128:$C$202,W19) | AB19: 0 | AC19: =IF(AA19=AB19,"OK","DIFF")
A20: SAM launcher | B20: 74 | F20: 5 | I20: 24 | K20: 1 | L20: 8 | P20: =SUM(B20:O20) | Q20: 112 | R20: =IF(P20=Q20,"OK","DIFF") | S20: 9 | T20: 10 | W20: Total parts | X20: =SUM(X7:X19) | Y20: =SUM(Y7:Y19) | Z20: =IF(X20=Y20,"OK","DIFF") | AA20: =SUM(AA7:AA19) | AB20: =SUM(AB7:AB19) | AC20: =IF(AA20=AB20,"OK","DIFF")
A21: MLRS rocket truck | B21: 45 | F21: 9 | I21: 52 | K21: 6 | L21: 24 | P21: =SUM(B21:O21) | Q21: 136 | R21: =IF(P21=Q21,"OK","DIFF") | S21: 22 | T21: 28
A22: Main Battle Tank 2 | B22: 168 | C22: 1 | D22: 1 | F22: 5 | I22: 61 | L22: 19 | P22: =SUM(B22:O22) | Q22: 255 | R22: =IF(P22=Q22,"OK","DIFF") | S22: 29 | T22: 118 | W22: UAV-1 export = controllable 'UAV-1 DRONE' (root UAV-00);
A23: Main Battle Tank 3 | B23: 168 | C23: 1 | D23: 1 | F23: 5 | I23: 61 | L23: 19 | P23: =SUM(B23:O23) | Q23: 255 | R23: =IF(P23=Q23,"OK","DIFF") | S23: 29 | T23: 118 | W23: the object 'Autonomous UAV' below counts both UAVs.
A24: Ammunition bunker | B24: 17 | C24: 2 | F24: 10 | H24: 8 | I24: 6 | P24: =SUM(B24:O24) | Q24: 43 | R24: =IF(P24=Q24,"OK","DIFF") | S24: 2 | T24: 0
A25: Camp camouflage | B25: 277 | F25: 48 | H25: 219 | I25: 90 | K25: 24 | P25: =SUM(B25:O25) | Q25: 658 | R25: =IF(P25=Q25,"OK","DIFF") | S25: 21 | T25: 0
A26: Boom barrier | B26: 17 | F26: 2 | I26: 1 | P26: =SUM(B26:O26) | Q26: 20 | R26: =IF(P26=Q26,"OK","DIFF") | S26: 2 | T26: 2
A27: Windsock | B27: 1 | I27: 14 | P27: =SUM(B27:O27) | Q27: 15 | R27: =IF(P27=Q27,"OK","DIFF") | S27: 7 | T27: 6
A28: Flag | B28: 40 | F28: 2 | I28: 5 | P28: =SUM(B28:O28) | Q28: 47 | R28: =IF(P28=Q28,"OK","DIFF") | S28: 14 | T28: 13
A29: Soldier 1 | B29: 16 | D29: 1 | F29: 37 | G29: 1 | I29: 20 | P29: =SUM(B29:O29) | Q29: 75 | R29: =IF(P29=Q29,"OK","DIFF") | S29: 20 | T29: 15
A30: Soldier 2 | B30: 16 | D30: 1 | F30: 37 | G30: 1 | I30: 20 | P30: =SUM(B30:O30) | Q30: 75 | R30: =IF(P30=Q30,"OK","DIFF") | S30: 20 | T30: 15
A31: Soldier 3 | B31: 16 | D31: 1 | F31: 37 | G31: 1 | I31: 20 | P31: =SUM(B31:O31) | Q31: 75 | R31: =IF(P31=Q31,"OK","DIFF") | S31: 20 | T31: 15
A32: Soldier 4 | B32: 16 | D32: 1 | F32: 37 | G32: 1 | I32: 20 | P32: =SUM(B32:O32) | Q32: 75 | R32: =IF(P32=Q32,"OK","DIFF") | S32: 20 | T32: 15
A33: Soldier 5 | B33: 16 | D33: 1 | F33: 37 | G33: 1 | I33: 20 | P33: =SUM(B33:O33) | Q33: 75 | R33: =IF(P33=Q33,"OK","DIFF") | S33: 20 | T33: 15
A34: Soldier 6 | B34: 16 | D34: 1 | F34: 37 | G34: 1 | I34: 20 | P34: =SUM(B34:O34) | Q34: 75 | R34: =IF(P34=Q34,"OK","DIFF") | S34: 20 | T34: 15
A35: Soldier 7 | B35: 16 | D35: 1 | F35: 37 | G35: 1 | I35: 20 | P35: =SUM(B35:O35) | Q35: 75 | R35: =IF(P35=Q35,"OK","DIFF") | S35: 20 | T35: 15
A36: Soldier 8 | B36: 16 | D36: 1 | F36: 37 | G36: 1 | I36: 20 | P36: =SUM(B36:O36) | Q36: 75 | R36: =IF(P36=Q36,"OK","DIFF") | S36: 20 | T36: 15
A37: Sky Clock | F37: 1 | P37: =SUM(B37:O37) | Q37: 1 | R37: =IF(P37=Q37,"OK","DIFF") | S37: 1 | T37: 0
A38: Scene total | B38: =SUM(B7:B37) | C38: =SUM(C7:C37) | D38: =SUM(D7:D37) | E38: =SUM(E7:E37) | F38: =SUM(F7:F37) | G38: =SUM(G7:G37) | H38: =SUM(H7:H37) | I38: =SUM(I7:I37) | ... Q38: =SUM(Q7:Q37) | S38: =SUM(S7:S37) | T38: =SUM(T7:T37)
A39: Instances (export) | B39: 2467 | C39: 6 | D39: 11 | E39: 2 | F39: 808 | G39: 10 | H39: 364 | I39: 1358 | J39: 3 | K39: 295 | L39: 97 | M39: 2 | N39: 52 | O39: 1 | P39: =SUM(B39:O39) | Q39: 5476
A40: check | B40: =IF(B38=B39,"OK","DIFF") | C40: =IF(C38=C39,"OK","DIFF") | D40: =IF(D38=D39,"OK","DIFF") | E40: =IF(E38=E39,"OK","DIFF") | F40: =IF(F38=F39,"OK","DIFF") | G40: =IF(G38=G39,"OK","DIFF") | H40: =IF(H38=H39,"OK","DIFF") | I40: =IF(I38=I39,"OK","DIFF") | ... Q40: =IF(Q38=Q39,"OK","DIFF")
A43: 3. UAV-1 (root UAV-00 'Autonomous UAV'): 79 drawn parts. M = T Ry Rx Rz S, world = parent_world M (the export's object 'Autonomous UAV' holds 2 UAVs).
A44: ID | B44: Part | C44: Primitive | D44: Parent (group) | E44: Sx | F44: Sy | G44: Sz | H44: Rx (deg) | I44: Ry (deg) | J44: Rz (deg) | K44: Tx (m) | L44: Ty (m) | M44: Tz (m) | N44: R | O44: G | P44: B | Q44: ks | R44: shininess n
A45: UAV-01 | B45: Fuselage | C45: Cube | D45: Autonomous UAV (UAV-00) | E45: 0.16 | F45: 0.07 | G45: 0.26 | H45: 0 | I45: 0 | J45: 0 | K45: 0 | L45: 0 | M45: 0 | N45: 0.08 | O45: 0.08 | P45: 0.09 | Q45: 0.6 | R45: 64
A46: UAV-02 | B46: Canopy | C46: Sphere | D46: Autonomous UAV (UAV-00) | E46: 0.15 | F46: 0.08 | G46: 0.22 | H46: 0 | I46: 0 | J46: 0 | K46: 0 | L46: 0.04 | M46: 0.01 | N46: 0.62 | O46: 0.64 | P46: 0.66 | Q46: 0.85 | R46: 96
A47: UAV-03 | B47: Battery | C47: Cube | D47: Autonomous UAV (UAV-00) | E47: 0.1 | F47: 0.04 | G47: 0.16 | H47: 0 | I47: 0 | J47: 0 | K47: 0 | L47: -0.055 | M47: -0.02 | N47: 0.14 | O47: 0.15 | P47: 0.2 | Q47: 0.4 | R47: 48
A48: UAV-04 | B48: GPS mast | C48: Cylinder | D48: Autonomous UAV (UAV-00) | E48: 0.008 | F48: 0.008 | G48: 0.05 | H48: 90 | I48: 0 | J48: 0 | K48: 0 | L48: 0.07 | M48: -0.07 | N48: 0.08 | O48: 0.08 | P48: 0.09 | Q48: 0.6 | R48: 64
A49: UAV-05 | B49: GPS puck | C49: Cylinder | D49: Autonomous UAV (UAV-00) | E49: 0.05 | F49: 0.05 | G49: 0.012 | H49: 90 | I49: 0 | J49: 0 | K49: 0 | L49: 0.098 | M49: -0.07 | N49: 0.62 | O49: 0.64 | P49: 0.66 | Q49: 0.85 | R49: 96
A50: UAV-06 | B50: Arm Front-left | C50: Cube | D50: Autonomous UAV (UAV-00) | E50: 0.025 | F50: 0.018 | G50: 0.22 | H50: 0 | I50: 45 | J50: 0 | K50: 0.1061 | L50: 0 | M50: 0.1061 | N50: 0.08 | O50: 0.08 | P50: 0.09 | Q50: 0.6 | R50: 64
A51: UAV-08 | B51: Motor | C51: Cylinder | D51: Motor mount Front-left (UAV-07) | E51: 0.045 | F51: 0.045 | G51: 0.035 | H51: 90 | I51: 0 | J51: 0 | K51: 0 | L51: 0.02 | M51: 0 | N51: 0.45 | O51: 0.46 | P51: 0.5 | Q51: 0.9 | R51: 128
A52: UAV-10 | B52: Prop hub | C52: Sphere | D52: Rotor (UAV-09) | E52: 0.025 | F52: 0.025 | G52: 0.025 | H52: 0 | I52: 0 | J52: 0 | K52: 0 | L52: 0 | M52: 0 | N52: 0.45 | O52: 0.46 | P52: 0.5 | Q52: 0.9 | R52: 128
A53: UAV-11 | B53: Prop blade | C53: Cube | D53: Rotor (UAV-09) | E53: 0.2 | F53: 0.004 | G53: 0.018 | H53: 0 | I53: 0 | J53: 0 | K53: 0 | L53: 0 | M53: 0 | N53: 0.1 | O53: 0.1 | P53: 0.11 | Q53: 0.3 | R53: 32
A54: UAV-12 | B54: Rotor blur disc | C54: Cylinder | D54: Motor mount Front-left (UAV-07) | E54: 0.205 | F54: 0.205 | G54: 0.002 | H54: 90 | I54: 0 | J54: 0 | K54: 0 | L54: 0.045 | M54: 0 | N54: 0.1 | O54: 0.1 | P54: 0.11 | Q54: 0.2 | R54: 16
A55: UAV-13 | B55: Nav LED | C55: Sphere | D55: Motor mount Front-left (UAV-07) | E55: 0.018 | F55: 0.018 | G55: 0.018 | H55: 0 | I55: 0 | J55: 0 | K55: 0 | L55: -0.012 | M55: 0 | N55: 1 | O55: 0.1 | P55: 0.05 | Q55: 0.4 | R55: 64
A56: UAV-84 | B56: Motor cooling ring | C56: Torus | D56: Motor mount Front-left (UAV-07) | E56: 0.05 | F56: 0.05 | G56: 0.0333 | H56: 90 | I56: 0 | J56: 0 | K56: 0 | L56: 0.004 | M56: 0 | N56: 0.12 | O56: 0.12 | P56: 0.13 | Q56: 0.6 | R56: 64
... A123: UAV-95 | B123: Arming LED | C123: Sphere | D123: Autonomous UAV (UAV-00) | E123: 0.012 | F123: 0.008 | G123: 0.012 | H123: 0 | I123: 0 | J123: 0 | K123: 0.04 | L123: 0.075 | M123: -0.03 | N123: 0.2 | O123: 0.6 | P123: 1 | Q123: 0.295 | R123: 111.43
A126: 4. Soldier 1 (root SLD1-00): 75 drawn parts (joint angles live in the parent groups).
A127: ID | B127: Part | C127: Primitive | D127: Parent (group) | E127: Sx | F127: Sy | G127: Sz | H127: Rx (deg) | I127: Ry (deg) | J127: Rz (deg) | K127: Tx (m) | L127: Ty (m) | M127: Tz (m) | N127: R | O127: G | P127: B | Q127: ks | R127: shininess n
A128: SLD1-02 | B128: Hips | C128: Sphere | D128: Pelvis (SLD1-01) | E128: 0.3778 | F128: 0.22 | G128: 0.24 | H128: 0 | I128: 0 | J128: 0 | K128: 0 | L128: 0.04 | M128: 0 | N128: 0.2703 | O128: 0.2726 | P128: 0.194 | Q128: 0.052 | R128: 2
A129: SLD1-03 | B129: Belt | C129: Cylinder | D129: Pelvis (SLD1-01) | E129: 0.3883 | F129: 0.25 | G129: 0.07 | H129: 90 | I129: 0 | J129: 0 | K129: 0 | L129: 0.12 | M129: 0 | N129: 0.27 | O129: 0.235 | P129: 0.155 | Q129: 0.124 | R129: 4.724
A130: SLD1-05 | B130: Hip joint | C130: Sphere | D130: Hip L (SLD1-04) | E130: 0.15 | F130: 0.15 | G130: 0.15 | H130: 0 | I130: 0 | J130: 0 | K130: 0 | L130: 0 | M130: 0 | N130: 0.2703 | O130: 0.2726 | P130: 0.194 | Q130: 0.052 | R130: 2
A131: SLD1-06 | B131: Thigh | C131: Cylinder | D131: Hip L (SLD1-04) | E131: 0.15 | F131: 0.15 | G131: 0.46 | H131: 90 | I131: 0 | J131: 0 | K131: 0 | L131: -0.23 | M131: 0 | N131: 0.2703 | O131: 0.2726 | P131: 0.194 | Q131: 0.052 | R131: 2
A132: SLD1-08 | B132: Knee joint | C132: Sphere | D132: Knee L (SLD1-07) | E132: 0.15 | F132: 0.15 | G132: 0.15 | H132: 0 | I132: 0 | J132: 0 | K132: 0 | L132: 0 | M132: 0 | N132: 0.2703 | O132: 0.2726 | P132: 0.194 | Q132: 0.052 | R132: 2
A133: SLD1-09 | B133: Shin | C133: Cylinder | D133: Knee L (SLD1-07) | E133: 0.12 | F133: 0.12 | G133: 0.44 | H133: 90 | I133: 0 | J133: 0 | K133: 0 | L133: -0.22 | M133: 0 | N133: 0.2703 | O133: 0.2726 | P133: 0.194 | Q133: 0.052 | R133: 2
A134: SLD1-11 | B134: Ankle joint | C134: Sphere | D134: Ankle L (SLD1-10) | E134: 0.12 | F134: 0.12 | G134: 0.12 | H134: 0 | I134: 0 | J134: 0 | K134: 0 | L134: 0 | M134: 0 | N134: 0.075 | O134: 0.055 | P134: 0.04 | Q134: 0.175 | R134: 12.1257
A135: SLD1-12 | B135: Boot | C135: Sphere | D135: Ankle L (SLD1-10) | E135: 0.13 | F135: 0.11 | G135: 0.3 | H135: 0 | I135: 0 | J135: 0 | K135: 0 | L135: -0.025 | M135: 0.06 | N135: 0.075 | O135: 0.055 | P135: 0.04 | Q135: 0.175 | R135: 12.1257
A136: SLD1-76 | B136: Calf | C136: Sphere | D136: Knee L (SLD1-07) | E136: 0.13 | F136: 0.22 | G136: 0.14 | H136: 0 | I136: 0 | J136: 0 | K136: 0 | L136: -0.13 | M136: -0.015 | N136: 0.2703 | O136: 0.2726 | P136: 0.194 | Q136: 0.052 | R136: 2
A137: SLD1-77 | B137: Knee pad | C137: Sphere | D137: Knee L (SLD1-07) | E137: 0.115 | F137: 0.13 | G137: 0.06 | H137: 0 | I137: 0 | J137: 0 | K137: 0 | L137: -0.02 | M137: 0.06 | N137: 0.1 | O137: 0.1 | P137: 0.085 | Q137: 0.1 | R137: 3.0314
A138: SLD1-75 | B138: Thigh muscle | C138: Sphere | D138: Hip L (SLD1-04) | E138: 0.175 | F138: 0.31 | G138: 0.18 | H138: 0 | I138: 0 | J138: 0 | K138: 0 | L138: -0.15 | M138: 0.01 | N138: 0.2703 | O138: 0.2726 | P138: 0.194 | Q138: 0.052 | R138: 2
A139: SLD1-14 | B139: Hip joint | C139: Sphere | D139: Hip R (SLD1-13) | E139: 0.15 | F139: 0.15 | G139: 0.15 | H139: 0 | I139: 0 | J139: 0 | K139: 0 | L139: 0 | M139: 0 | N139: 0.2703 | O139: 0.2726 | P139: 0.194 | Q139: 0.052 | R139: 2
... A202: SLD1-88 | B202: Radio antenna | C202: Cylinder | D202: Chest (SLD1-24) | E202: 0.008 | F202: 0.008 | G202: 0.3693 | H202: -81.2925 | I202: 153.4349 | J202: 0 | K202: 0.2025 | L202: 0.2975 | M202: -0.095 | N202: 0.07 | O202: 0.07 | P202: 0.075 | Q202: 0.435 | R202: 16

Sheet Designs
A1: Designs: every object design, its instances and its primitives
A2: Legend: yellow = input from the code; white = formula.
A3: Source: ts --export-docs 'designs' (src/report/Designs.cpp) and src/report/PrimitiveColors.h. Section 19 of the report draws one card per design.
A5: 1. Designs: parts by primitive over all instances (yellow: export), totals and checks (formulas)
A6: Design | B6: Family | C6: x n | D6: parts / inst. | E6: parts total | F6: n x parts | G6: Cube | H6: Cuboid | I6: Wedge | J6: Tapered box | K6: Pyramid | L6: Sphere | M6: Hemisphere | N6: Capsule | O6: Cylinder | P6: Cylinder (frustum) | Q6: Cone | R6: Torus | S6: Annulus | T6: Helix | U6: Terrain disc | V6: sum | W6: check
A7: Soldier | B7: people | C7: 8 | D7: 75 | E7: 600 | F7: =IF(ISNUMBER(D7),C7*D7,E7) | H7: 128 | J7: 8 | L7: 296 | M7: 8 | O7: 160 | V7: =SUM(G7:U7) | W7: =IF(AND(V7=E7,F7=E7),"OK","DIFF")
A8: Main battle tank | B8: vehicles and aircraft | C8: 3 | D8: 255 | E8: 765 | F8: =IF(ISNUMBER(D8),C8*D8,E8) | H8: 504 | I8: 3 | J8: 3 | L8: 15 | O8: 183 | R8: 57 | V8: =SUM(G8:U8) | W8: =IF(AND(V8=E8,F8=E8),"OK","DIFF")
A9: MLRS rocket truck | B9: vehicles and aircraft | C9: 1 | D9: 106 | E9: 106 | F9: =IF(ISNUMBER(D9),C9*D9,E9) | G9: 1 | H9: 32 | L9: 3 | O9: 46 | R9: 24 | V9: =SUM(G9:U9) | W9: =IF(AND(V9=E9,F9=E9),"OK","DIFF")
A10: Scout helicopter | B10: vehicles and aircraft | C10: 1 | D10: 91 | E10: 91 | F10: =IF(ISNUMBER(D10),C10*D10,E10) | H10: 40 | L10: 21 | O10: 28 | P10: 1 | Q10: 1 | V10: =SUM(G10:U10) | W10: =IF(AND(V10=E10,F10=E10),"OK","DIFF")
A11: Autonomous UAV | B11: vehicles and aircraft | C11: 2 | D11: 55 | E11: 110 | F11: =IF(ISNUMBER(D11),C11*D11,E11) | H11: 36 | L11: 26 | O11: 38 | P11: 2 | R11: 8 | V11: =SUM(G11:U11) | W11: =IF(AND(V11=E11,F11=E11),"OK","DIFF")
A12: Cargo truck | B12: vehicles and aircraft | C12: 2 | D12: 31 | E12: 62 | F12: =IF(ISNUMBER(D12),C12*D12,E12) | H12: 30 | L12: 4 | O12: 28 | V12: =SUM(G12:U12) | W12: =IF(AND(V12=E12,F12=E12),"OK","DIFF")
A13: Target rover | B13: vehicles and aircraft | C13: 6 | D13: 26 | E13: 156 | F13: =IF(ISNUMBER(D13),C13*D13,E13) | H13: 36 | L13: 72 | O13: 48 | V13: =SUM(G13:U13) | W13: =IF(AND(V13=E13,F13=E13),"OK","DIFF")
A14: SAM launcher | B14: weapons and munitions | C14: 1 | D14: 107 | E14: 107 | F14: =IF(ISNUMBER(D14),C14*D14,E14) | G14: 1 | H14: 71 | L14: 4 | O14: 23 | R14: 8 | V14: =SUM(G14:U14) | W14: =IF(AND(V14=E14,F14=E14),"OK","DIFF")
A15: AA Gatling gun | B15: weapons and munitions | C15: 1 | D15: 58 | E15: 58 | F15: =IF(ISNUMBER(D15),C15*D15,E15) | H15: 19 | L15: 4 | M15: 1 | O15: 34 | V15: =SUM(G15:U15) | W15: =IF(AND(V15=E15,F15=E15),"OK","DIFF")
A16: SAM missile | B16: weapons and munitions | C16: 1 | D16: 5 | E16: 5 | F16: =IF(ISNUMBER(D16),C16*D16,E16) | H16: 2 | L16: 1 | O16: 1 | Q16: 1 | V16: =SUM(G16:U16) | W16: =IF(AND(V16=E16,F16=E16),"OK","DIFF")
A17: MLRS rocket | B17: weapons and munitions | C17: 6 | D17: 5 | E17: 30 | F17: =IF(ISNUMBER(D17),C17*D17,E17) | H17: 12 | L17: 6 | O17: 6 | Q17: 6 | V17: =SUM(G17:U17) | W17: =IF(AND(V17=E17,F17=E17),"OK","DIFF")
A18: UAV round | B18: weapons and munitions | C18: 8 | D18: 6 | E18: 48 | F18: =IF(ISNUMBER(D18),C18*D18,E18) | H18: 32 | O18: 8 | Q18: 8 | V18: =SUM(G18:U18) | W18: =IF(AND(V18=E18,F18=E18),"OK","DIFF")
A19: AA shell casing | B19: weapons and munitions | C19: 20 | D19: 1 | E19: 20 | F19: =IF(ISNUMBER(D19),C19*D19,E19) | O19: 20 | V19: =SUM(G19:U19) | W19: =IF(AND(V19=E19,F19=E19),"OK","DIFF")
A20: Command bunker | B20: buildings | C20: 1 | D20: 390 | E20: 390 | F20: =IF(ISNUMBER(D20),C20*D20,E20) | H20: 281 | I20: 1 | L20: 18 | M20: 1 | N20: 9 | O20: 80 | V20: =SUM(G20:U20) | W20: =IF(AND(V20=E20,F20=E20),"OK","DIFF")
A21: Barracks hall | B21: buildings | C21: 1 | D21: 277 | E21: 277 | F21: =IF(ISNUMBER(D21),C21*D21,E21) | H21: 225 | L21: 2 | O21: 50 | V21: =SUM(G21:U21) | W21: =IF(AND(V21=E21,F21=E21),"OK","DIFF")
A22: Air-defence radar | B22: buildings | C22: 1 | D22: 108 | E22: 108 | F22: =IF(ISNUMBER(D22),C22*D22,E22) | H22: 62 | L22: 3 | O22: 42 | Q22: 1 | V22: =SUM(G22:U22) | W22: =IF(AND(V22=E22,F22=E22),"OK","DIFF")
A23: Motor pool | B23: buildings | C23: 1 | D23: 4 | E23: 4 | F23: =IF(ISNUMBER(D23),C23*D23,E23) | H23: 1 | L23: 1 | O23: 2 | V23: =SUM(G23:U23) | W23: =IF(AND(V23=E23,F23=E23),"OK","DIFF")
A24: Helipad | B24: buildings | C24: 1 | D24: 51 | E24: 51 | F24: =IF(ISNUMBER(D24),C24*D24,E24) | H24: 31 | L24: 17 | O24: 3 | V24: =SUM(G24:U24) | W24: =IF(AND(V24=E24,F24=E24),"OK","DIFF")
A25: Ammunition bunker | B25: buildings | C25: 1 | D25: 36 | E25: 36 | F25: =IF(ISNUMBER(D25),C25*D25,E25) | H25: 12 | I25: 2 | L25: 10 | N25: 8 | O25: 4 | V25: =SUM(G25:U25) | W25: =IF(AND(V25=E25,F25=E25),"OK","DIFF")
A26: Guard tower | B26: buildings | C26: 4 | D26: 37 | E26: 148 | F26: =IF(ISNUMBER(D26),C26*D26,E26) | H26: 44 | L26: 8 | O26: 96 | V26: =SUM(G26:U26) | W26: =IF(AND(V26=E26,F26=E26),"OK","DIFF")
A27: Watchtower | B27: buildings | C27: 1 | D27: 26 | E27: 26 | F27: =IF(ISNUMBER(D27),C27*D27,E27) | H27: 5 | L27: 1 | O27: 19 | Q27: 1 | V27: =SUM(G27:U27) | W27: =IF(AND(V27=E27,F27=E27),"OK","DIFF")
A28: Fuel depot | B28: buildings | C28: 1 | D28: 20 | E28: 20 | F28: =IF(ISNUMBER(D28),C28*D28,E28) | H28: 8 | L28: 2 | O28: 10 | V28: =SUM(G28:U28) | W28: =IF(AND(V28=E28,F28=E28),"OK","DIFF")
A29: Quonset hut | B29: buildings | C29: 3 | D29: 19 | E29: 57 | F29: =IF(ISNUMBER(D29),C29*D29,E29) | H29: 42 | L29: 6 | O29: 9 | V29: =SUM(G29:U29) | W29: =IF(AND(V29=E29,F29=E29),"OK","DIFF")
A30: Radio mast | B30: buildings | C30: 1 | D30: 20 | E30: 20 | F30: =IF(ISNUMBER(D30),C30*D30,E30) | H30: 5 | L30: 2 | O30: 13 | V30: =SUM(G30:U30) | W30: =IF(AND(V30=E30,F30=E30),"OK","DIFF")
A31: Camouflaged tent | B31: buildings | C31: 1 | D31: 14 | E31: 14 | F31: =IF(ISNUMBER(D31),C31*D31,E31) | H31: 3 | L31: 4 | O31: 7 | V31: =SUM(G31:U31) | W31: =IF(AND(V31=E31,F31=E31),"OK","DIFF")
A32: Container | B32: buildings | C32: 2 | D32: 11 | E32: 22 | F32: =IF(ISNUMBER(D32),C32*D32,E32) | G32: 12 | H32: 6 | O32: 4 | V32: =SUM(G32:U32) | W32: =IF(AND(V32=E32,F32=E32),"OK","DIFF")
A33: Guard booth | B33: buildings | C33: 1 | D33: 11 | E33: 11 | F33: =IF(ISNUMBER(D33),C33*D33,E33) | H33: 8 | O33: 3 | V33: =SUM(G33:U33) | W33: =IF(AND(V33=E33,F33=E33),"OK","DIFF")
A34: UAV pad | B34: buildings | C34: 2 | D34: 9 | E34: 18 | F34: =IF(ISNUMBER(D34),C34*D34,E34) | H34: 4 | L34: 8 | O34: 4 | S34: 2 | V34: =SUM(G34:U34) | W34: =IF(AND(V34=E34,F34=E34),"OK","DIFF")
A35: HESCO perimeter | B35: fortifications | C35: 1 | D35: 244 | E35: 244 | F35: =IF(ISNUMBER(D35),C35*D35,E35) | H35: 244 | V35: =SUM(G35:U35) | W35: =IF(AND(V35=E35,F35=E35),"OK","DIFF")
A36: Concertina wire | B36: fortifications | C36: 1 | D36: 102 | E36: 102 | F36: =IF(ISNUMBER(D36),C36*D36,E36) | O36: 50 | T36: 52 | V36: =SUM(G36:U36) | W36: =IF(AND(V36=E36,F36=E36),"OK","DIFF")
A37: Perimeter fence | B37: fortifications | C37: 1 | D37: 86 | E37: 86 | F37: =IF(ISNUMBER(D37),C37*D37,E37) | H37: 1 | O37: 85 | V37: =SUM(G37:U37) | W37: =IF(AND(V37=E37,F37=E37),"OK","DIFF")
A38: Outer gate | B38: fortifications | C38: 1 | D38: 50 | E38: 50 | F38: =IF(ISNUMBER(D38),C38*D38,E38) | H38: 7 | K38: 2 | L38: 3 | N38: 34 | O38: 4 | V38: =SUM(G38:U38) | W38: =IF(AND(V38=E38,F38=E38),"OK","DIFF")
A39: Camouflage net | B39: fortifications | C39: 7 | D39: 37..84 | E39: 379 | F39: =IF(ISNUMBER(D39),C39*D39,E39) | H39: 297 | O39: 82 | V39: =SUM(G39:U39) | W39: =IF(AND(V39=E39,F39=E39),"OK","DIFF")
A40: Earth revetment | B40: fortifications | C40: 5 | D40: 48..60 | E40: 264 | F40: =IF(ISNUMBER(D40),C40*D40,E40) | H40: 45 | N40: 219 | V40: =SUM(G40:U40) | W40: =IF(AND(V40=E40,F40=E40),"OK","DIFF")
A41: Radar surround | B41: fortifications | C41: 1 | D41: 51 | E41: 51 | F41: =IF(ISNUMBER(D41),C41*D41,E41) | H41: 2 | O41: 49 | V41: =SUM(G41:U41) | W41: =IF(AND(V41=E41,F41=E41),"OK","DIFF")
A42: AA gun surround | B42: fortifications | C42: 1 | D42: 41 | E42: 41 | F42: =IF(ISNUMBER(D42),C42*D42,E42) | H42: 3 | N42: 37 | O42: 1 | V42: =SUM(G42:U42) | W42: =IF(AND(V42=E42,F42=E42),"OK","DIFF")
A43: Sandbag wall | B43: fortifications | C43: 3 | D43: 15..24 | E43: 57 | F43: =IF(ISNUMBER(D43),C43*D43,E43) | N43: 57 | V43: =SUM(G43:U43) | W43: =IF(AND(V43=E43,F43=E43),"OK","DIFF")
A44: Boom barrier | B44: fortifications | C44: 1 | D44: 20 | E44: 20 | F44: =IF(ISNUMBER(D44),C44*D44,E44) | H44: 17 | L44: 2 | O44: 1 | V44: =SUM(G44:U44) | W44: =IF(AND(V44=E44,F44=E44),"OK","DIFF")
A45: HESCO blocks | B45: fortifications | C45: 2 | D45: 2..6 | E45: 8 | F45: =IF(ISNUMBER(D45),C45*D45,E45) | H45: 8 | V45: =SUM(G45:U45) | W45: =IF(AND(V45=E45,F45=E45),"OK","DIFF")
A46: Tank trap | B46: fortifications | C46: 2 | D46: 3 | E46: 6 | F46: =IF(ISNUMBER(D46),C46*D46,E46) | H46: 6 | V46: =SUM(G46:U46) | W46: =IF(AND(V46=E46,F46=E46),"OK","DIFF")
A47: Jersey barrier | B47: fortifications | C47: 6 | D47: 2 | E47: 12 | F47: =IF(ISNUMBER(D47),C47*D47,E47) | H47: 12 | V47: =SUM(G47:U47) | W47: =IF(AND(V47=E47,F47=E47),"OK","DIFF")
A48: Broadleaf tree | B48: vegetation | C48: 4 | D48: 18 | E48: 72 | F48: =IF(ISNUMBER(D48),C48*D48,E48) | L48: 56 | O48: 16 | V48: =SUM(G48:U48) | W48: =IF(AND(V48=E48,F48=E48),"OK","DIFF")
A49: Pine | B49: vegetation | C49: 26 | D49: 7..8 | E49: 193 | F49: =IF(ISNUMBER(D49),C49*D49,E49) | O49: 26 | Q49: 167 | V49: =SUM(G49:U49) | W49: =IF(AND(V49=E49,F49=E49),"OK","DIFF")
A50: Cut branches | B50: vegetation | C50: 8 | D50: 12 | E50: 96 | F50: =IF(ISNUMBER(D50),C50*D50,E50) | L50: 48 | O50: 24 | Q50: 24 | V50: =SUM(G50:U50) | W50: =IF(AND(V50=E50,F50=E50),"OK","DIFF")
A51: Bush | B51: vegetation | C51: 14 | D51: 5..7 | E51: 88 | F51: =IF(ISNUMBER(D51),C51*D51,E51) | L51: 88 | V51: =SUM(G51:U51) | W51: =IF(AND(V51=E51,F51=E51),"OK","DIFF")
A52: Treeline pine | B52: vegetation | C52: 43 | D52: 2 | E52: 86 | F52: =IF(ISNUMBER(D52),C52*D52,E52) | Q52: 86 | V52: =SUM(G52:U52) | W52: =IF(AND(V52=E52,F52=E52),"OK","DIFF")
A53: Flag | B53: props | C53: 1 | D53: 47 | E53: 47 | F53: =IF(ISNUMBER(D53),C53*D53,E53) | H53: 40 | L53: 2 | O53: 5 | V53: =SUM(G53:U53) | W53: =IF(AND(V53=E53,F53=E53),"OK","DIFF")
A54: Windsock | B54: props | C54: 1 | D54: 15 | E54: 15 | F54: =IF(ISNUMBER(D54),C54*D54,E54) | H54: 1 | O54: 14 | V54: =SUM(G54:U54) | W54: =IF(AND(V54=E54,F54=E54),"OK","DIFF")
A55: Supply cache | B55: props | C55: 7 | D55: 4..7 | E55: 41 | F55: =IF(ISNUMBER(D55),C55*D55,E55) | G55: 10 | H55: 13 | O55: 18 | V55: =SUM(G55:U55) | W55: =IF(AND(V55=E55,F55=E55),"OK","DIFF")
A56: Boulder | B56: props | C56: 13 | D56: 3..4 | E56: 46 | F56: =IF(ISNUMBER(D56),C56*D56,E56) | L56: 46 | V56: =SUM(G56:U56) | W56: =IF(AND(V56=E56,F56=E56),"OK","DIFF")
A57: Lamp post | B57: props | C57: 2 | D57: 4 | E57: 8 | F57: =IF(ISNUMBER(D57),C57*D57,E57) | H57: 4 | L57: 2 | O57: 2 | V57: =SUM(G57:U57) | W57: =IF(AND(V57=E57,F57=E57),"OK","DIFF")
A58: Track sign | B58: props | C58: 1 | D58: 4 | E58: 4 | F58: =IF(ISNUMBER(D58),C58*D58,E58) | H58: 3 | O58: 1 | V58: =SUM(G58:U58) | W58: =IF(AND(V58=E58,F58=E58),"OK","DIFF")
A59: Fire barrel | B59: props | C59: 1 | D59: 2 | E59: 2 | F59: =IF(ISNUMBER(D59),C59*D59,E59) | L59: 1 | O59: 1 | V59: =SUM(G59:U59) | W59: =IF(AND(V59=E59,F59=E59),"OK","DIFF")
A60: Sky clock (sun) | B60: props | C60: 1 | D60: 1 | E60: 1 | F60: =IF(ISNUMBER(D60),C60*D60,E60) | L60: 1 | V60: =SUM(G60:U60) | W60: =IF(AND(V60=E60,F60=E60),"OK","DIFF")
A61: Moon | B61: props | C61: 1 | D61: 1 | E61: 1 | F61: =IF(ISNUMBER(D61),C61*D61,E61) | L61: 1 | V61: =SUM(G61:U61) | W61: =IF(AND(V61=E61,F61=E61),"OK","DIFF")
A62: Terrain disc | B62: terrain and backdrop | C62: 1 | D62: 1 | E62: 1 | F62: =IF(ISNUMBER(D62),C62*D62,E62) | U62: 1 | V62: =SUM(G62:U62) | W62: =IF(AND(V62=E62,F62=E62),"OK","DIFF")
A63: Far ground | B63: terrain and backdrop | C63: 1 | D63: 1 | E63: 1 | F63: =IF(ISNUMBER(D63),C63*D63,E63) | O63: 1 | V63: =SUM(G63:U63) | W63: =IF(AND(V63=E63,F63=E63),"OK","DIFF")
A64: Distant hills | B64: terrain and backdrop | C64: 1 | D64: 21 | E64: 21 | F64: =IF(ISNUMBER(D64),C64*D64,E64) | L64: 21 | V64: =SUM(G64:U64) | W64: =IF(AND(V64=E64,F64=E64),"OK","DIFF")
A65: Far radio tower | B65: terrain and backdrop | C65: 1 | D65: 12 | E65: 12 | F65: =IF(ISNUMBER(D65),C65*D65,E65) | L65: 3 | O65: 9 | V65: =SUM(G65:U65) | W65: =IF(AND(V65=E65,F65=E65),"OK","DIFF")
A66: Road | B66: terrain and backdrop | C66: 1 | D66: 7 | E66: 7 | F66: =IF(ISNUMBER(D66),C66*D66,E66) | H66: 7 | V66: =SUM(G66:U66) | W66: =IF(AND(V66=E66,F66=E66),"OK","DIFF")
A67: Tyre tracks | B67: terrain and backdrop | C67: 1 | D67: 50 | E67: 50 | F67: =IF(ISNUMBER(D67),C67*D67,E67) | H67: 50 | V67: =SUM(G67:U67) | W67: =IF(AND(V67=E67,F67=E67),"OK","DIFF")
A68: Tank spot marking | B68: terrain and backdrop | C68: 1 | D68: 4 | E68: 4 | F68: =IF(ISNUMBER(D68),C68*D68,E68) | H68: 4 | V68: =SUM(G68:U68) | W68: =IF(AND(V68=E68,F68=E68),"OK","DIFF")
A69: Scene | C69: =SUM(C7:C68) | E69: =SUM(E7:E68) | F69: =SUM(F7:F68) | G69: =SUM(G7:G68) | H69: =SUM(H7:H68) | I69: =SUM(I7:I68) | J69: =SUM(J7:J68) | K69: =SUM(K7:K68) | L69: =SUM(L7:L68) | ... V69: =SUM(V7:V68)
A70: Scene parts (export leaf_count) | E70: 5476 | F70: =IF(E69=E70,"OK","DIFF")
A73: 2. The report's primitive colour key: sRGB inputs, greyscale lightness L* by formula
A74: Primitive | B74: Family | C74: R | D74: G | E74: B | F74: colour | G74: Y (linear) | H74: L*
A75: Cube | B75: box | C75: 0 | D75: 70 | E75: 144 | G75: =0.2126*IF(C75/255<=0.04045,C75/255/12.92,((C75/255+0.055)/1.055)^2.4)+0.7152*IF(D75/255<=0.04045,D75/255/12.92,((D75/255+0.055)/1.055)^2.4)+0.0722*IF(E75/255<=0.04045,E75/255/12.92,((E75/255+0.055)/1.055)^2.4) | H75: =IF(G75>0.008856,116*G75^(1/3)-16,903.3*G75)
A76: Cuboid | B76: box | C76: 0 | D76: 109 | E76: 178 | G76: =0.2126*IF(C76/255<=0.04045,C76/255/12.92,((C76/255+0.055)/1.055)^2.4)+0.7152*IF(D76/255<=0.04045,D76/255/12.92,((D76/255+0.055)/1.055)^2.4)+0.0722*IF(E76/255<=0.04045,E76/255/12.92,((E76/255+0.055)/1.055)^2.4) | H76: =IF(G76>0.008856,116*G76^(1/3)-16,903.3*G76)
A77: Wedge | B77: box | C77: 0 | D77: 118 | E77: 133 | G77: =0.2126*IF(C77/255<=0.04045,C77/255/12.92,((C77/255+0.055)/1.055)^2.4)+0.7152*IF(D77/255<=0.04045,D77/255/12.92,((D77/255+0.055)/1.055)^2.4)+0.0722*IF(E77/255<=0.04045,E77/255/12.92,((E77/255+0.055)/1.055)^2.4) | H77: =IF(G77>0.008856,116*G77^(1/3)-16,903.3*G77)
A78: Tapered box | B78: box | C78: 80 | D78: 101 | E78: 147 | G78: =0.2126*IF(C78/255<=0.04045,C78/255/12.92,((C78/255+0.055)/1.055)^2.4)+0.7152*IF(D78/255<=0.04045,D78/255/12.92,((D78/255+0.055)/1.055)^2.4)+0.0722*IF(E78/255<=0.04045,E78/255/12.92,((E78/255+0.055)/1.055)^2.4) | H78: =IF(G78>0.008856,116*G78^(1/3)-16,903.3*G78)
A79: Pyramid | B79: box | C79: 0 | D79: 88 | E79: 80 | G79: =0.2126*IF(C79/255<=0.04045,C79/255/12.92,((C79/255+0.055)/1.055)^2.4)+0.7152*IF(D79/255<=0.04045,D79/255/12.92,((D79/255+0.055)/1.055)^2.4)+0.0722*IF(E79/255<=0.04045,E79/255/12.92,((E79/255+0.055)/1.055)^2.4) | H79: =IF(G79>0.008856,116*G79^(1/3)-16,903.3*G79)
A80: Sphere | B80: round | C80: 255 | D80: 160 | E80: 50 | G80: =0.2126*IF(C80/255<=0.04045,C80/255/12.92,((C80/255+0.055)/1.055)^2.4)+0.7152*IF(D80/255<=0.04045,D80/255/12.92,((D80/255+0.055)/1.055)^2.4)+0.0722*IF(E80/255<=0.04045,E80/255/12.92,((E80/255+0.055)/1.055)^2.4) | H80: =IF(G80>0.008856,116*G80^(1/3)-16,903.3*G80)
A81: Hemisphere | B81: round | C81: 255 | D81: 220 | E81: 69 | G81: =0.2126*IF(C81/255<=0.04045,C81/255/12.92,((C81/255+0.055)/1.055)^2.4)+0.7152*IF(D81/255<=0.04045,D81/255/12.92,((D81/255+0.055)/1.055)^2.4)+0.0722*IF(E81/255<=0.04045,E81/255/12.92,((E81/255+0.055)/1.055)^2.4) | H81: =IF(G81>0.008856,116*G81^(1/3)-16,903.3*G81)
A82: Capsule | B82: round | C82: 255 | D82: 200 | E82: 120 | G82: =0.2126*IF(C82/255<=0.04045,C82/255/12.92,((C82/255+0.055)/1.055)^2.4)+0.7152*IF(D82/255<=0.04045,D82/255/12.92,((D82/255+0.055)/1.055)^2.4)+0.0722*IF(E82/255<=0.04045,E82/255/12.92,((E82/255+0.055)/1.055)^2.4) | H82: =IF(G82>0.008856,116*G82^(1/3)-16,903.3*G82)
A83: Cylinder | B83: cylinder | C83: 87 | D83: 180 | E83: 93 | G83: =0.2126*IF(C83/255<=0.04045,C83/255/12.92,((C83/255+0.055)/1.055)^2.4)+0.7152*IF(D83/255<=0.04045,D83/255/12.92,((D83/255+0.055)/1.055)^2.4)+0.0722*IF(E83/255<=0.04045,E83/255/12.92,((E83/255+0.055)/1.055)^2.4) | H83: =IF(G83>0.008856,116*G83^(1/3)-16,903.3*G83)
A84: Cylinder (frustum) | B84: cylinder | C84: 148 | D84: 180 | E84: 70 | G84: =0.2126*IF(C84/255<=0.04045,C84/255/12.92,((C84/255+0.055)/1.055)^2.4)+0.7152*IF(D84/255<=0.04045,D84/255/12.92,((D84/255+0.055)/1.055)^2.4)+0.0722*IF(E84/255<=0.04045,E84/255/12.92,((E84/255+0.055)/1.055)^2.4) | H84: =IF(G84>0.008856,116*G84^(1/3)-16,903.3*G84)
A85: Cone | B85: cylinder | C85: 51 | D85: 174 | E85: 141 | G85: =0.2126*IF(C85/255<=0.04045,C85/255/12.92,((C85/255+0.055)/1.055)^2.4)+0.7152*IF(D85/255<=0.04045,D85/255/12.92,((D85/255+0.055)/1.055)^2.4)+0.0722*IF(E85/255<=0.04045,E85/255/12.92,((E85/255+0.055)/1.055)^2.4) | H85: =IF(G85>0.008856,116*G85^(1/3)-16,903.3*G85)
A86: Torus | B86: ring | C86: 210 | D86: 71 | E86: 144 | G86: =0.2126*IF(C86/255<=0.04045,C86/255/12.92,((C86/255+0.055)/1.055)^2.4)+0.7152*IF(D86/255<=0.04045,D86/255/12.92,((D86/255+0.055)/1.055)^2.4)+0.0722*IF(E86/255<=0.04045,E86/255/12.92,((E86/255+0.055)/1.055)^2.4) | H86: =IF(G86>0.008856,116*G86^(1/3)-16,903.3*G86)
... A90: Terrain disc | B90: special | C90: 175 | D90: 137 | E90: 103 | G90: =0.2126*IF(C90/255<=0.04045,C90/255/12.92,((C90/255+0.055)/1.055)^2.4)+0.7152*IF(D90/255<=0.04045,D90/255/12.92,((D90/255+0.055)/1.055)^2.4)+0.0722*IF(E90/255<=0.04045,E90/255/12.92,((E90/255+0.055)/1.055)^2.4) | H90: =IF(G90>0.008856,116*G90^(1/3)-16,903.3*G90)
A92: Each family has its own L* band (box 30-45, ring 50-57, special 60-61, cylinder 64-69, round 74-88), so the families stay apart in greyscale.

Sheet Transform_Trace
A1: Transform_Trace: one real UAV vertex from local space to the window
A2: Legend: yellow = input from the code; white = formula.
A3: Source: ts --export-docs component UAV-14 'Arm Front-right' (S, R_deg, T, local_matrix, world_matrix, parent UAV-00 world_matrix); objects/Builder M = T Ry Rx Rz S; View_Projection sheet (V, P, viewport).
A5: Part | B5: UAV-14 Arm Front-right (Cube, createCube) | K5: Parent | M5: UAV-00 Autonomous UAV (root, R = (0, 180, 0), T = (0, 7.5, 12.5))
B6: x | C6: y | D6: z | E6: w
A7: S (scale) | B7: 0.025 | C7: 0.018 | D7: 0.22
A8: R_deg (pitch x, yaw y, roll z) | B8: 0 | C8: -45 | D8: 0
A9: T (m) | B9: -0.106066 | C9: 0 | D9: 0.106066
A10: local vertex p (cube corner) | B10: 0.5 | C10: 0.5 | D10: 0.5 | E10: 1 | F10: createCube() vertex 3 = (0.5, 0.5, 0.5), +X face (mesh_samples in the export)
B12: S = scale(Sx, Sy, Sz) | G12: Rx(pitch) | L12: Ry(yaw) | Q12: Rz(roll)
B13: =$B$7 | C13: 0 | D13: 0 | E13: 0 | G13: 1 | H13: 0 | I13: 0 | J13: 0 | L13: =COS(RADIANS($C$8)) | M13: 0 | N13: =SIN(RADIANS($C$8)) | O13: 0 | Q13: =COS(RADIANS($D$8)) | R13: =-SIN(RADIANS($D$8)) | S13: 0 | T13: 0
B14: 0 | C14: =$C$7 | D14: 0 | E14: 0 | G14: 0 | H14: =COS(RADIANS($B$8)) | I14: =-SIN(RADIANS($B$8)) | J14: 0 | L14: 0 | M14: 1 | N14: 0 | O14: 0 | Q14: =SIN(RADIANS($D$8)) | R14: =COS(RADIANS($D$8)) | S14: 0 | T14: 0
B15: 0 | C15: 0 | D15: =$D$7 | E15: 0 | G15: 0 | H15: =SIN(RADIANS($B$8)) | I15: =COS(RADIANS($B$8)) | J15: 0 | L15: =-SIN(RADIANS($C$8)) | M15: 0 | N15: =COS(RADIANS($C$8)) | O15: 0 | Q15: 0 | R15: 0 | S15: 1 | T15: 0
B16: 0 | C16: 0 | D16: 0 | E16: 1 | G16: 0 | H16: 0 | I16: 0 | J16: 1 | L16: 0 | M16: 0 | N16: 0 | O16: 1 | Q16: 0 | R16: 0 | S16: 0 | T16: 1
B18: T = translate(Tx, Ty, Tz) | G18: Ry Rx | L18: R = Ry Rx Rz | Q18: R S
B19: 1 | C19: 0 | D19: 0 | E19: =$B$9 | G19: =L13*G13+M13*G14+N13*G15+O13*G16 | H19: =L13*H13+M13*H14+N13*H15+O13*H16 | I19: =L13*I13+M13*I14+N13*I15+O13*I16 | J19: =L13*J13+M13*J14+N13*J15+O13*J16 | L19: =G19*Q13+H19*Q14+I19*Q15+J19*Q16 | M19: =G19*R13+H19*R14+I19*R15+J19*R16 | N19: =G19*S13+H19*S14+I19*S15+J19*S16 | O19: =G19*T13+H19*T14+I19*T15+J19*T16 | Q19: =L19*B13+M19*B14+N19*B15+O19*B16 | R19: =L19*C13+M19*C14+N19*C15+O19*C16 | S19: =L19*D13+M19*D14+N19*D15+O19*D16 | T19: =L19*E13+M19*E14+N19*E15+O19*E16
B20: 0 | C20: 1 | D20: 0 | E20: =$C$9 | G20: =L14*G13+M14*G14+N14*G15+O14*G16 | H20: =L14*H13+M14*H14+N14*H15+O14*H16 | I20: =L14*I13+M14*I14+N14*I15+O14*I16 | J20: =L14*J13+M14*J14+N14*J15+O14*J16 | L20: =G20*Q13+H20*Q14+I20*Q15+J20*Q16 | M20: =G20*R13+H20*R14+I20*R15+J20*R16 | N20: =G20*S13+H20*S14+I20*S15+J20*S16 | O20: =G20*T13+H20*T14+I20*T15+J20*T16 | Q20: =L20*B13+M20*B14+N20*B15+O20*B16 | R20: =L20*C13+M20*C14+N20*C15+O20*C16 | S20: =L20*D13+M20*D14+N20*D15+O20*D16 | T20: =L20*E13+M20*E14+N20*E15+O20*E16
B21: 0 | C21: 0 | D21: 1 | E21: =$D$9 | G21: =L15*G13+M15*G14+N15*G15+O15*G16 | H21: =L15*H13+M15*H14+N15*H15+O15*H16 | I21: =L15*I13+M15*I14+N15*I15+O15*I16 | J21: =L15*J13+M15*J14+N15*J15+O15*J16 | L21: =G21*Q13+H21*Q14+I21*Q15+J21*Q16 | M21: =G21*R13+H21*R14+I21*R15+J21*R16 | N21: =G21*S13+H21*S14+I21*S15+J21*S16 | O21: =G21*T13+H21*T14+I21*T15+J21*T16 | Q21: =L21*B13+M21*B14+N21*B15+O21*B16 | R21: =L21*C13+M21*C14+N21*C15+O21*C16 | S21: =L21*D13+M21*D14+N21*D15+O21*D16 | T21: =L21*E13+M21*E14+N21*E15+O21*E16
B22: 0 | C22: 0 | D22: 0 | E22: 1 | G22: =L16*G13+M16*G14+N16*G15+O16*G16 | H22: =L16*H13+M16*H14+N16*H15+O16*H16 | I22: =L16*I13+M16*I14+N16*I15+O16*I16 | J22: =L16*J13+M16*J14+N16*J15+O16*J16 | L22: =G22*Q13+H22*Q14+I22*Q15+J22*Q16 | M22: =G22*R13+H22*R14+I22*R15+J22*R16 | N22: =G22*S13+H22*S14+I22*S15+J22*S16 | O22: =G22*T13+H22*T14+I22*T15+J22*T16 | Q22: =L22*B13+M22*B14+N22*B15+O22*B16 | R22: =L22*C13+M22*C14+N22*C15+O22*C16 | S22: =L22*D13+M22*D14+N22*D15+O22*D16 | T22: =L22*E13+M22*E14+N22*E15+O22*E16
B24: M = T R S (local matrix) | G24: M exported (local_matrix) | L24: |M - M exported| | Q24: Parent world (UAV-00, exported)
B25: =B19*Q19+C19*Q20+D19*Q21+E19*Q22 | C25: =B19*R19+C19*R20+D19*R21+E19*R22 | D25: =B19*S19+C19*S20+D19*S21+E19*S22 | E25: =B19*T19+C19*T20+D19*T21+E19*T22 | G25: 0.01767767 | H25: 0 | I25: -0.15556349 | J25: -0.10606602 | L25: =ABS(B25-G25) | M25: =ABS(C25-H25) | N25: =ABS(D25-I25) | O25: =ABS(E25-J25) | Q25: -1 | R25: 0 | S25: -8.7e-08 | T25: 0
B26: =B20*Q19+C20*Q20+D20*Q21+E20*Q22 | C26: =B20*R19+C20*R20+D20*R21+E20*R22 | D26: =B20*S19+C20*S20+D20*S21+E20*S22 | E26: =B20*T19+C20*T20+D20*T21+E20*T22 | G26: 0 | H26: 0.017999999 | I26: 0 | J26: 0 | L26: =ABS(B26-G26) | M26: =ABS(C26-H26) | N26: =ABS(D26-I26) | O26: =ABS(E26-J26) | Q26: 0 | R26: 1 | S26: 0 | T26: 7.5
B27: =B21*Q19+C21*Q20+D21*Q21+E21*Q22 | C27: =B21*R19+C21*R20+D21*R21+E21*R22 | D27: =B21*S19+C21*S20+D21*S21+E21*S22 | E27: =B21*T19+C21*T20+D21*T21+E21*T22 | G27: 0.01767767 | H27: 0 | I27: 0.15556349 | J27: 0.10606602 | L27: =ABS(B27-G27) | M27: =ABS(C27-H27) | N27: =ABS(D27-I27) | O27: =ABS(E27-J27) | Q27: 8.7e-08 | R27: 0 | S27: -1 | T27: 12.5
B28: =B22*Q19+C22*Q20+D22*Q21+E22*Q22 | C28: =B22*R19+C22*R20+D22*R21+E22*R22 | D28: =B22*S19+C22*S20+D22*S21+E22*S22 | E28: =B22*T19+C22*T20+D22*T21+E22*T22 | G28: 0 | H28: 0 | I28: 0 | J28: 1 | L28: =ABS(B28-G28) | M28: =ABS(C28-H28) | N28: =ABS(D28-I28) | O28: =ABS(E28-J28) | Q28: 0 | R28: 0 | S28: 0 | T28: 1
B30: World = Parent M | G30: World exported (world_matrix) | L30: |World - World exported| | Q30: View V (View_Projection sheet)
B31: =Q25*B25+R25*B26+S25*B27+T25*B28 | C31: =Q25*C25+R25*C26+S25*C27+T25*C28 | D31: =Q25*D25+R25*D26+S25*D27+T25*D28 | E31: =Q25*E25+R25*E26+S25*E27+T25*E28 | G31: -0.017677672 | H31: 0 | I31: 0.15556347 | J31: 0.10606601 | L31: =ABS(B31-G31) | M31: =ABS(C31-H31) | N31: =ABS(D31-I31) | O31: =ABS(E31-J31) | Q31: ='View_Projection'!B28 | R31: ='View_Projection'!C28 | S31: ='View_Projection'!D28 | T31: ='View_Projection'!E28
B32: =Q26*B25+R26*B26+S26*B27+T26*B28 | C32: =Q26*C25+R26*C26+S26*C27+T26*C28 | D32: =Q26*D25+R26*D26+S26*D27+T26*D28 | E32: =Q26*E25+R26*E26+S26*E27+T26*E28 | G32: 0 | H32: 0.017999999 | I32: 0 | J32: 7.5 | L32: =ABS(B32-G32) | M32: =ABS(C32-H32) | N32: =ABS(D32-I32) | O32: =ABS(E32-J32) | Q32: ='View_Projection'!B29 | R32: ='View_Projection'!C29 | S32: ='View_Projection'!D29 | T32: ='View_Projection'!E29
B33: =Q27*B25+R27*B26+S27*B27+T27*B28 | C33: =Q27*C25+R27*C26+S27*C27+T27*C28 | D33: =Q27*D25+R27*D26+S27*D27+T27*D28 | E33: =Q27*E25+R27*E26+S27*E27+T27*E28 | G33: -0.017677669 | H33: 0 | I33: -0.1555635 | J33: 12.393934 | L33: =ABS(B33-G33) | M33: =ABS(C33-H33) | N33: =ABS(D33-I33) | O33: =ABS(E33-J33) | Q33: ='View_Projection'!B30 | R33: ='View_Projection'!C30 | S33: ='View_Projection'!D30 | T33: ='View_Projection'!E30
B34: =Q28*B25+R28*B26+S28*B27+T28*B28 | C34: =Q28*C25+R28*C26+S28*C27+T28*C28 | D34: =Q28*D25+R28*D26+S28*D27+T28*D28 | E34: =Q28*E25+R28*E26+S28*E27+T28*E28 | G34: 0 | H34: 0 | I34: 0 | J34: 1 | L34: =ABS(B34-G34) | M34: =ABS(C34-H34) | N34: =ABS(D34-I34) | O34: =ABS(E34-J34) | Q34: ='View_Projection'!B31 | R34: ='View_Projection'!C31 | S34: ='View_Projection'!D31 | T34: ='View_Projection'!E31
B36: Projection P (View_Projection sheet) | G36: Vertex pipeline (column vectors) | Q36: Checks
B37: ='View_Projection'!B35 | C37: ='View_Projection'!C35 | D37: ='View_Projection'!D35 | E37: ='View_Projection'!E35 | G37: stage | L37: x | M37: y | N37: z | O37: w | Q37: check | T37: value
B38: ='View_Projection'!B36 | C38: ='View_Projection'!C36 | D38: ='View_Projection'!D36 | E38: ='View_Projection'!E36 | G38: local p | L38: =B10 | M38: =C10 | N38: =D10 | O38: =E10 | Q38: max |M - export| | T38: =MAX(L25:O28)
B39: ='View_Projection'!B37 | C39: ='View_Projection'!C37 | D39: ='View_Projection'!D37 | E39: ='View_Projection'!E37 | G39: world = World p | L39: =B31*L38+C31*M38+D31*N38+E31*O38 | M39: =B32*L38+C32*M38+D32*N38+E32*O38 | N39: =B33*L38+C33*M38+D33*N38+E33*O38 | O39: =B34*L38+C34*M38+D34*N38+E34*O38 | Q39: max |World - export| | T39: =MAX(L31:O34)
B40: ='View_Projection'!B38 | C40: ='View_Projection'!C38 | D40: ='View_Projection'!D38 | E40: ='View_Projection'!E38 | G40: eye = V world | L40: =Q31*L39+R31*M39+S31*N39+T31*O39 | M40: =Q32*L39+R32*M39+S32*N39+T32*O39 | N40: =Q33*L39+R33*M39+S33*N39+T33*O39 | O40: =Q34*L39+R34*M39+S34*N39+T34*O39 | Q40: inside clip volume |x|,|y|,|z| <= w | T40: =IF(AND(ABS(L41)<=O41,ABS(M41)<=O41,ABS(N41)<=O41),"yes","no")
G41: clip = P eye | L41: =B37*L40+C37*M40+D37*N40+E37*O40 | M41: =B38*L40+C38*M40+D38*N40+E38*O40 | N41: =B39*L40+C39*M40+D39*N40+E39*O40 | O41: =B40*L40+C40*M40+D40*N40+E40*O40 | Q41: eye-space distance -z_eye (m) | T41: =-N40
G42: NDC = clip / w | L42: =L41/O41 | M42: =M41/O41 | N42: =N41/O41 | O42: =O41/O41
G43: window (x px, y px top-left, depth, -) | L43: =(L42*0.5+0.5)*'View_Projection'!$B$12 | M43: =(1-(M42*0.5+0.5))*'View_Projection'!$B$13 | N43: =N42*0.5+0.5 | O43: -
G44: Exported matrices are float32: differences of ~1e-7 are rounding. Window: x = (ndc.x/2+0.5) W, y = (1-(ndc.y/2+0.5)) H, d = ndc.z/2+0.5 (glDepthRange 0..1).

Sheet Vertex_Groups
A1: Vertex_Groups: parts built from unit primitives by matrices (report Section 7.1)
A2: Legend: yellow = input from the code; white = formula.
A3: Source: ts --export-docs: BNK-11 'Retaining wall W' (S, R_deg, T, parent world), cube corners (primitives P01), v6.garrison.gait (thigh, shin, cycle), UAV gimbal parts; objects/Builder M = T Ry Rx Rz S; scene/Gait legFK.
A5: A. Retaining wall W (BNK-11): unit cube -> world
B6: x | C6: y | D6: z
A7: S | B7: 0.35 | C7: 3.8571 | D7: 1.245
A8: R_deg | B8: 0 | C8: 0 | D8: 0
A9: T | B9: -1.675 | C9: -1.82145 | D9: 4.2625
B11: M = T Ry Rx Rz S | G11: W parent (export) | L11: W = W parent M | Q11: W exported
B12: =(COS(RADIANS($C$8))*COS(RADIANS($D$8))+SIN(RADIANS($C$8))*SIN(RADIANS($B$8))*SIN(RADIANS($D$8)))*$B$7 | C12: =(-COS(RADIANS($C$8))*SIN(RADIANS($D$8))+SIN(RADIANS($C$8))*SIN(RADIANS($B$8))*COS(RADIANS($D$8)))*$C$7 | D12: =(SIN(RADIANS($C$8))*COS(RADIANS($B$8)))*$D$7 | E12: =$B$9 | G12: 1 | H12: 0 | I12: 0 | J12: 0 | L12: =G12*B12+H12*B13+I12*B14+J12*B15 | M12: =G12*C12+H12*C13+I12*C14+J12*C15 | N12: =G12*D12+H12*D13+I12*D14+J12*D15 | O12: =G12*E12+H12*E13+I12*E14+J12*E15 | Q12: 0.35 | R12: 0 | S12: 0 | T12: -1.6749999
B13: =(COS(RADIANS($B$8))*SIN(RADIANS($D$8)))*$B$7 | C13: =(COS(RADIANS($B$8))*COS(RADIANS($D$8)))*$C$7 | D13: =(-SIN(RADIANS($B$8)))*$D$7 | E13: =$C$9 | G13: 0 | H13: 1 | I13: 0 | J13: 0 | L13: =G13*B12+H13*B13+I13*B14+J13*B15 | M13: =G13*C12+H13*C13+I13*C14+J13*C15 | N13: =G13*D12+H13*D13+I13*D14+J13*D15 | O13: =G13*E12+H13*E13+I13*E14+J13*E15 | Q13: 0 | R13: 3.8571 | S13: 0 | T13: -1.82145
B14: =(-SIN(RADIANS($C$8))*COS(RADIANS($D$8))+COS(RADIANS($C$8))*SIN(RADIANS($B$8))*SIN(RADIANS($D$8)))*$B$7 | C14: =(SIN(RADIANS($C$8))*SIN(RADIANS($D$8))+COS(RADIANS($C$8))*SIN(RADIANS($B$8))*COS(RADIANS($D$8)))*$C$7 | D14: =(COS(RADIANS($C$8))*COS(RADIANS($B$8)))*$D$7 | E14: =$D$9 | G14: 0 | H14: 0 | I14: 1 | J14: 0 | L14: =G14*B12+H14*B13+I14*B14+J14*B15 | M14: =G14*C12+H14*C13+I14*C14+J14*C15 | N14: =G14*D12+H14*D13+I14*D14+J14*D15 | O14: =G14*E12+H14*E13+I14*E14+J14*E15 | Q14: 0 | R14: 0 | S14: 1.2449999 | T14: 4.2624998
B15: 0 | C15: 0 | D15: 0 | E15: 1 | G15: 0 | H15: 0 | I15: 0 | J15: 1 | L15: =G15*B12+H15*B13+I15*B14+J15*B15 | M15: =G15*C12+H15*C13+I15*C14+J15*C15 | N15: =G15*D12+H15*D13+I15*D14+J15*D15 | O15: =G15*E12+H15*E13+I15*E14+J15*E15 | Q15: 0 | R15: 0 | S15: 0 | T15: 1
Q16: max |W - W exported| | T16: =MAX(ABS(L12-Q12),ABS(M12-R12),ABS(N12-S12),ABS(O12-T12),ABS(L13-Q13),ABS(M13-R13),ABS(N13-S13),ABS(O13-T13),ABS(L14-Q14),ABS(M14-R14),ABS(N14-S14),ABS(O14-T14),ABS(L15-Q15),ABS(M15-R15),ABS(N15-S15),ABS(O15-T15))
L17: C. Leg FK: x = L1 sin h + L2 sin(h - k), y = -L1 cos h - L2 cos(h - k)
A18: corner | B18: x | C18: y | D18: z | E18: w | G18: world x | H18: world y | I18: world z | L18: L1 thigh | M18: 0.46 | N18: L2 shin | O18: 0.44
A19: v0 | B19: 0.5 | C19: -0.5 | D19: 0.5 | E19: 1 | G19: =L12*B19+M12*C19+N12*D19+O12*E19 | H19: =L13*B19+M13*C19+N13*D19+O13*E19 | I19: =L14*B19+M14*C19+N14*D19+O14*E19 | L19: phase | M19: hip h | N19: knee k | O19: x FK | P19: y FK | Q19: x export | R19: y export | S19: |diff|
A20: v1 | B20: 0.5 | C20: -0.5 | D20: -0.5 | E20: 1 | G20: =L12*B20+M12*C20+N12*D20+O12*E20 | H20: =L13*B20+M13*C20+N13*D20+O13*E20 | I20: =L14*B20+M14*C20+N14*D20+O14*E20 | L20: 0 | M20: 32.771 | N20: 26.1137 | O20: =$M$18*SIN(RADIANS(M20))+$O$18*SIN(RADIANS(M20-N20)) | P20: =-$M$18*COS(RADIANS(M20))-$O$18*COS(RADIANS(M20-N20)) | Q20: 0.3 | R20: -0.82382 | S20: =SQRT((O20-Q20)^2+(P20-R20)^2)
A21: v2 | B21: 0.5 | C21: 0.5 | D21: -0.5 | E21: 1 | G21: =L12*B21+M12*C21+N12*D21+O12*E21 | H21: =L13*B21+M13*C21+N13*D21+O13*E21 | I21: =L14*B21+M14*C21+N14*D21+O14*E21 | L21: 0.125 | M21: 30.0534 | N21: 42.2385 | O21: =$M$18*SIN(RADIANS(M21))+$O$18*SIN(RADIANS(M21-N21)) | P21: =-$M$18*COS(RADIANS(M21))-$O$18*COS(RADIANS(M21-N21)) | Q21: 0.1375 | R21: -0.828244 | S21: =SQRT((O21-Q21)^2+(P21-R21)^2)
A22: v3 | B22: 0.5 | C22: 0.5 | D22: 0.5 | E22: 1 | G22: =L12*B22+M12*C22+N12*D22+O12*E22 | H22: =L13*B22+M13*C22+N13*D22+O13*E22 | I22: =L14*B22+M14*C22+N14*D22+O14*E22 | L22: 0.25 | M22: 15.7984 | N22: 35.7634 | O22: =$M$18*SIN(RADIANS(M22))+$O$18*SIN(RADIANS(M22-N22)) | P22: =-$M$18*COS(RADIANS(M22))-$O$18*COS(RADIANS(M22-N22)) | Q22: -0.025 | R22: -0.85618 | S22: =SQRT((O22-Q22)^2+(P22-R22)^2)
A23: v4 | B23: -0.5 | C23: -0.5 | D23: -0.5 | E23: 1 | G23: =L12*B23+M12*C23+N12*D23+O12*E23 | H23: =L13*B23+M13*C23+N13*D23+O13*E23 | I23: =L14*B23+M14*C23+N14*D23+O14*E23 | L23: 0.375 | M23: 1.5555 | N23: 28.5892 | O23: =$M$18*SIN(RADIANS(M23))+$O$18*SIN(RADIANS(M23-N23)) | P23: =-$M$18*COS(RADIANS(M23))-$O$18*COS(RADIANS(M23-N23)) | Q23: -0.1875 | R23: -0.851756 | S23: =SQRT((O23-Q23)^2+(P23-R23)^2)
A24: v5 | B24: -0.5 | C24: -0.5 | D24: 0.5 | E24: 1 | G24: =L12*B24+M12*C24+N12*D24+O12*E24 | H24: =L13*B24+M13*C24+N13*D24+O13*E24 | I24: =L14*B24+M14*C24+N14*D24+O14*E24 | L24: 0.5 | M24: -6.5205 | N24: 36.0684 | O24: =$M$18*SIN(RADIANS(M24))+$O$18*SIN(RADIANS(M24-N24)) | P24: =-$M$18*COS(RADIANS(M24))-$O$18*COS(RADIANS(M24-N24)) | Q24: -0.35 | R24: -0.780965 | S24: =SQRT((O24-Q24)^2+(P24-R24)^2)
A25: v6 | B25: -0.5 | C25: 0.5 | D25: 0.5 | E25: 1 | G25: =L12*B25+M12*C25+N12*D25+O12*E25 | H25: =L13*B25+M13*C25+N13*D25+O13*E25 | I25: =L14*B25+M14*C25+N14*D25+O14*E25 | L25: 0.625 | M25: -21.1388 | N25: 24.1828 | O25: =$M$18*SIN(RADIANS(M25))+$O$18*SIN(RADIANS(M25-N25)) | P25: =-$M$18*COS(RADIANS(M25))-$O$18*COS(RADIANS(M25-N25)) | Q25: -0.478757 | R25: -0.738423 | S25: =SQRT((O25-Q25)^2+(P25-R25)^2)
A26: v7 | B26: -0.5 | C26: 0.5 | D26: -0.5 | E26: 1 | G26: =L12*B26+M12*C26+N12*D26+O12*E26 | H26: =L13*B26+M13*C26+N13*D26+O13*E26 | I26: =L14*B26+M14*C26+N14*D26+O14*E26 | L26: 0.75 | M26: 8.2873 | N26: 59.2127 | O26: =$M$18*SIN(RADIANS(M26))+$O$18*SIN(RADIANS(M26-N26)) | P26: =-$M$18*COS(RADIANS(M26))-$O$18*COS(RADIANS(M26-N26)) | Q26: -0.275281 | R26: -0.732542 | S26: =SQRT((O26-Q26)^2+(P26-R26)^2)
L27: 0.875 | M27: 41.894 | N27: 59.9294 | O27: =$M$18*SIN(RADIANS(M27))+$O$18*SIN(RADIANS(M27-N27)) | P27: =-$M$18*COS(RADIANS(M27))-$O$18*COS(RADIANS(M27-N27)) | Q27: 0.170941 | R27: -0.760796 | S27: =SQRT((O27-Q27)^2+(P27-R27)^2)
L28: 1 | M28: 32.771 | N28: 26.1137 | O28: =$M$18*SIN(RADIANS(M28))+$O$18*SIN(RADIANS(M28-N28)) | P28: =-$M$18*COS(RADIANS(M28))-$O$18*COS(RADIANS(M28-N28)) | Q28: 0.3 | R28: -0.82382 | S28: =SQRT((O28-Q28)^2+(P28-R28)^2)
A29: D. UAV camera: view axis = R_UAV Ry(yaw) Rx(pitch) (0, 0, 1)
A30: yaw (deg) | B30: 0 | C30: pitch (deg) | D30: 50
B31: R_UAV (rotation of UAV-00 world, export) | G31: gimbal axis | I31: world view axis | K31: below horizon (deg)
B32: -1 | C32: 0 | D32: -1e-07 | G32: =SIN(RADIANS($B$30))*COS(RADIANS($D$30)) | I32: =B32*G32+C32*G33+D32*G34 | K32: =DEGREES(ASIN(-I33))
B33: 0 | C33: 1 | D33: 0 | G33: =-SIN(RADIANS($D$30)) | I33: =B33*G32+C33*G33+D33*G34
B34: 1e-07 | C34: 0 | D34: -1 | G34: =COS(RADIANS($B$30))*COS(RADIANS($D$30)) | I34: =B34*G32+C34*G33+D34*G34
A36: Change yaw / pitch (yellow): the axis turns; the pitch alone sets the angle below the horizon (the UAV flies level).

Sheet View_Projection
A1: View_Projection: default orbit camera, lookAt basis, perspective and depth
A2: Legend: yellow = input from the code; white = formula.
A3: Source: scene/Camera.h (target, yaw 32, pitch 27, distance 34, fov 50), Camera.cpp compute() (orbit eye), Math3D.cpp lookAt / perspective, near 0.05 far 600, 24-bit depth (FrameBuffers.cpp).
G4: Depth mapping (24-bit fixed point: step = 1 / (2^24 - 1))
A5: Input / derived | B5: x | C5: y | D5: z | G5: z_eye (m) | H5: z_ndc (near 0.05) | I5: depth d (near 0.05) | J5: metres per depth step (near 0.05) | K5: z_ndc (near 0.5) | L5: depth d (near 0.5) | M5: metres per depth step (near 0.5)
A6: target (m) | B6: 0 | C6: 0.8 | D6: 0 | G6: -0.05 | H6: =((-($B$15+$B$14)/($B$15-$B$14))*G6+(-2*$B$15*$B$14/($B$15-$B$14)))/(-G6) | I6: =0.5*H6+0.5 | J6: =(1/(2^24-1))*($B$15-$B$14)*G6^2/($B$15*$B$14) | K6: clipped | L6: clipped | M6: clipped
A7: up | B7: 0 | C7: 1 | D7: 0 | G7: -0.1 | H7: =((-($B$15+$B$14)/($B$15-$B$14))*G7+(-2*$B$15*$B$14/($B$15-$B$14)))/(-G7) | I7: =0.5*H7+0.5 | J7: =(1/(2^24-1))*($B$15-$B$14)*G7^2/($B$15*$B$14) | K7: clipped | L7: clipped | M7: clipped
A8: yaw (deg) | B8: 32 | G8: -0.5 | H8: =((-($B$15+$B$14)/($B$15-$B$14))*G8+(-2*$B$15*$B$14/($B$15-$B$14)))/(-G8) | I8: =0.5*H8+0.5 | J8: =(1/(2^24-1))*($B$15-$B$14)*G8^2/($B$15*$B$14) | K8: =((-($B$15+$B$16)/($B$15-$B$16))*G8+(-2*$B$15*$B$16/($B$15-$B$16)))/(-G8) | L8: =0.5*K8+0.5 | M8: =(1/(2^24-1))*($B$15-$B$16)*G8^2/($B$15*$B$16)
A9: pitch (deg) | B9: 27 | G9: -1 | H9: =((-($B$15+$B$14)/($B$15-$B$14))*G9+(-2*$B$15*$B$14/($B$15-$B$14)))/(-G9) | I9: =0.5*H9+0.5 | J9: =(1/(2^24-1))*($B$15-$B$14)*G9^2/($B$15*$B$14) | K9: =((-($B$15+$B$16)/($B$15-$B$16))*G9+(-2*$B$15*$B$16/($B$15-$B$16)))/(-G9) | L9: =0.5*K9+0.5 | M9: =(1/(2^24-1))*($B$15-$B$16)*G9^2/($B$15*$B$16)
A10: distance (m) | B10: 34 | G10: -2 | H10: =((-($B$15+$B$14)/($B$15-$B$14))*G10+(-2*$B$15*$B$14/($B$15-$B$14)))/(-G10) | I10: =0.5*H10+0.5 | J10: =(1/(2^24-1))*($B$15-$B$14)*G10^2/($B$15*$B$14) | K10: =((-($B$15+$B$16)/($B$15-$B$16))*G10+(-2*$B$15*$B$16/($B$15-$B$16)))/(-G10) | L10: =0.5*K10+0.5 | M10: =(1/(2^24-1))*($B$15-$B$16)*G10^2/($B$15*$B$16)
A11: fov y (deg) | B11: 50 | G11: -5 | H11: =((-($B$15+$B$14)/($B$15-$B$14))*G11+(-2*$B$15*$B$14/($B$15-$B$14)))/(-G11) | I11: =0.5*H11+0.5 | J11: =(1/(2^24-1))*($B$15-$B$14)*G11^2/($B$15*$B$14) | K11: =((-($B$15+$B$16)/($B$15-$B$16))*G11+(-2*$B$15*$B$16/($B$15-$B$16)))/(-G11) | L11: =0.5*K11+0.5 | M11: =(1/(2^24-1))*($B$15-$B$16)*G11^2/($B$15*$B$16)
A12: width (px) | B12: 1920 | G12: -10 | H12: =((-($B$15+$B$14)/($B$15-$B$14))*G12+(-2*$B$15*$B$14/($B$15-$B$14)))/(-G12) | I12: =0.5*H12+0.5 | J12: =(1/(2^24-1))*($B$15-$B$14)*G12^2/($B$15*$B$14) | K12: =((-($B$15+$B$16)/($B$15-$B$16))*G12+(-2*$B$15*$B$16/($B$15-$B$16)))/(-G12) | L12: =0.5*K12+0.5 | M12: =(1/(2^24-1))*($B$15-$B$16)*G12^2/($B$15*$B$16)
A13: height (px) | B13: 1080 | G13: -34 | H13: =((-($B$15+$B$14)/($B$15-$B$14))*G13+(-2*$B$15*$B$14/($B$15-$B$14)))/(-G13) | I13: =0.5*H13+0.5 | J13: =(1/(2^24-1))*($B$15-$B$14)*G13^2/($B$15*$B$14) | K13: =((-($B$15+$B$16)/($B$15-$B$16))*G13+(-2*$B$15*$B$16/($B$15-$B$16)))/(-G13) | L13: =0.5*K13+0.5 | M13: =(1/(2^24-1))*($B$15-$B$16)*G13^2/($B$15*$B$16)
A14: near (m) | B14: 0.05 | G14: -50 | H14: =((-($B$15+$B$14)/($B$15-$B$14))*G14+(-2*$B$15*$B$14/($B$15-$B$14)))/(-G14) | I14: =0.5*H14+0.5 | J14: =(1/(2^24-1))*($B$15-$B$14)*G14^2/($B$15*$B$14) | K14: =((-($B$15+$B$16)/($B$15-$B$16))*G14+(-2*$B$15*$B$16/($B$15-$B$16)))/(-G14) | L14: =0.5*K14+0.5 | M14: =(1/(2^24-1))*($B$15-$B$16)*G14^2/($B$15*$B$16)
A15: far (m) | B15: 600 | G15: -100 | H15: =((-($B$15+$B$14)/($B$15-$B$14))*G15+(-2*$B$15*$B$14/($B$15-$B$14)))/(-G15) | I15: =0.5*H15+0.5 | J15: =(1/(2^24-1))*($B$15-$B$14)*G15^2/($B$15*$B$14) | K15: =((-($B$15+$B$16)/($B$15-$B$16))*G15+(-2*$B$15*$B$16/($B$15-$B$16)))/(-G15) | L15: =0.5*K15+0.5 | M15: =(1/(2^24-1))*($B$15-$B$16)*G15^2/($B$15*$B$16)
A16: near, comparison (m) | B16: 0.5 | G16: -200 | H16: =((-($B$15+$B$14)/($B$15-$B$14))*G16+(-2*$B$15*$B$14/($B$15-$B$14)))/(-G16) | I16: =0.5*H16+0.5 | J16: =(1/(2^24-1))*($B$15-$B$14)*G16^2/($B$15*$B$14) | K16: =((-($B$15+$B$16)/($B$15-$B$16))*G16+(-2*$B$15*$B$16/($B$15-$B$16)))/(-G16) | L16: =0.5*K16+0.5 | M16: =(1/(2^24-1))*($B$15-$B$16)*G16^2/($B$15*$B$16)
A17: aspect = width / height | B17: =B12/B13 | G17: -400 | H17: =((-($B$15+$B$14)/($B$15-$B$14))*G17+(-2*$B$15*$B$14/($B$15-$B$14)))/(-G17) | I17: =0.5*H17+0.5 | J17: =(1/(2^24-1))*($B$15-$B$14)*G17^2/($B$15*$B$14) | K17: =((-($B$15+$B$16)/($B$15-$B$16))*G17+(-2*$B$15*$B$16/($B$15-$B$16)))/(-G17) | L17: =0.5*K17+0.5 | M17: =(1/(2^24-1))*($B$15-$B$16)*G17^2/($B$15*$B$16)
A18: eye = target + d (cos p sin y, sin p, cos p cos y) | B18: =B6+$B$10*COS(RADIANS($B$9))*SIN(RADIANS($B$8)) | C18: =C6+$B$10*SIN(RADIANS($B$9)) | D18: =D6+$B$10*COS(RADIANS($B$9))*COS(RADIANS($B$8)) | G18: -600 | H18: =((-($B$15+$B$14)/($B$15-$B$14))*G18+(-2*$B$15*$B$14/($B$15-$B$14)))/(-G18) | I18: =0.5*H18+0.5 | J18: =(1/(2^24-1))*($B$15-$B$14)*G18^2/($B$15*$B$14) | K18: =((-($B$15+$B$16)/($B$15-$B$16))*G18+(-2*$B$15*$B$16/($B$15-$B$16)))/(-G18) | L18: =0.5*K18+0.5 | M18: =(1/(2^24-1))*($B$15-$B$16)*G18^2/($B$15*$B$16)
A19: eye - target | B19: =B18-B6 | C19: =C18-C6 | D19: =D18-D6
A20: n = normalize(eye - target) | B20: =B19/SQRT(B19^2+C19^2+D19^2) | C20: =C19/SQRT(B19^2+C19^2+D19^2) | D20: =D19/SQRT(B19^2+C19^2+D19^2) | G20: Summary
A21: up x n | B21: =C7*D20-D7*C20 | C21: =D7*B20-B7*D20 | D21: =B7*C20-C7*B20 | G21: depth step at 100 m (m) | J21: =J15 | M21: =M15
A22: u = normalize(up x n) | B22: =B21/SQRT(B21^2+C21^2+D21^2) | C22: =C21/SQRT(B21^2+C21^2+D21^2) | D22: =D21/SQRT(B21^2+C21^2+D21^2) | G22: ratio near 0.05 / near 0.5 at 100 m | J22: =J15/M15
A23: v = n x u | B23: =C20*D22-D20*C22 | C23: =D20*B22-B20*D22 | D23: =B20*C22-C20*B22 | G23: share of [0, 1] depth used by the first 1 m | J23: =I9 | M23: =L9
A24: code: s = normalize(f x up), f = -n; |s - u| | B24: =ABS(-(C20*D7-D20*C7)-B22*SQRT(B21^2+C21^2+D21^2))+ABS(-(D20*B7-B20*D7)-C22*SQRT(B21^2+C21^2+D21^2))+ABS(-(B20*C7-C20*B7)-D22*SQRT(B21^2+C21^2+D21^2)) | G24: share of depth used beyond 10 m | J24: =1-I12 | M24: =1-L12
A25: u . v, u . n, v . n (orthogonal: 0) | B25: =B22*B23+C22*C23+D22*D23 | C25: =B22*B20+C22*C20+D22*D20 | D25: =B23*B20+C23*C20+D23*D20
G26: d = (F / (F - N)) (1 - N / |z|): precision falls with z^2.
B27: View V = lookAt(eye, target, up): rows u, v, n; last column -(axis . eye) | G27: Step size dz = step (F - N) z^2 / (F N): ten times the near plane = ten times finer steps.
A28: row 0 (u) | B28: =B22 | C28: =C22 | D28: =D22 | E28: =-(B22*B18+C22*C18+D22*D18) | G28: Two surfaces closer than one step at 100 m share a depth value: z-fighting.
A29: row 1 (v) | B29: =B23 | C29: =C23 | D29: =D23 | E29: =-(B23*B18+C23*C18+D23*D18) | G29: The code keeps near 0.05 m for the first-person views; 24-bit depth.
A30: row 2 (n) | B30: =B20 | C30: =C20 | D30: =D20 | E30: =-(B20*B18+C20*C18+D20*D18)
A31: row 3 | B31: 0 | C31: 0 | D31: 0 | E31: 1
A33: t = 1 / tan(fov / 2) | B33: =1/TAN(RADIANS($B$11)/2)
B34: Perspective P (Math3D perspective, OpenGL clip z in [-w, w])
A35: row 0 | B35: =$B$33/$B$17 | C35: 0 | D35: 0 | E35: 0
A36: row 1 | B36: 0 | C36: =$B$33 | D36: 0 | E36: 0
A37: row 2 | B37: 0 | C37: 0 | D37: =-($B$15+$B$14)/($B$15-$B$14) | E37: =-2*$B$15*$B$14/($B$15-$B$14)
A38: row 3 | B38: 0 | C38: 0 | D38: -1 | E38: 0
A40: Code (lookAt): f = normalize(target - eye), s = normalize(f x up), u' = s x f; rows s, u', -f. Since f = -n: s = u and u' = v, the same matrix.

Sheet Clipping
A1: Clipping: Cohen-Sutherland, Liang-Barsky, Sutherland-Hodgman (textbook worked example)
A2: Legend: yellow = input from the code; white = formula.
A3: Source: Worked textbook example (window and lines chosen for teaching). The code itself clips on the GPU (clip volume -w <= x, y, z <= w) and culls on the CPU with math/Frustum (6 planes, sphere test).
A5: Window | B5: xmin | C5: 0 | D5: xmax | E5: 10 | F5: ymin | G5: 0 | H5: ymax | I5: 8 | K5: Outcode bits T B R L = (y > ymax)(y < ymin)(x > xmax)(x < xmin); code = 8T + 4B + 2R + L
A7: 1. Cohen-Sutherland outcodes
A8: line | B8: x0 | C8: y0 | D8: x1 | E8: y1 | F8: T0 | G8: B0 | H8: R0 | I8: L0 | J8: code0 | K8: T1 | L8: B1 | M8: R1 | N8: L1 | O8: code1 | P8: bits 0 | Q8: bits 1 | R8: AND of codes | S8: decision
A9: L1 | B9: 2 | C9: 2 | D9: 8 | E9: 6 | F9: =IF(C9>$I$5,1,0) | G9: =IF(C9<$G$5,1,0) | H9: =IF(B9>$E$5,1,0) | I9: =IF(B9<$C$5,1,0) | J9: =8*F9+4*G9+2*H9+I9 | K9: =IF(E9>$I$5,1,0) | L9: =IF(E9<$G$5,1,0) | M9: =IF(D9>$E$5,1,0) | N9: =IF(D9<$C$5,1,0) | O9: =8*K9+4*L9+2*M9+N9 | P9: =F9&G9&H9&I9 | Q9: =K9&L9&M9&N9 | R9: =F9*K9+G9*L9+H9*M9+I9*N9 | S9: =IF(J9+O9=0,"accept (both inside)",IF(R9>0,"reject (same side)","clip (subdivide)"))
A10: L2 | B10: -2 | C10: -1 | D10: -1 | E10: 9 | F10: =IF(C10>$I$5,1,0) | G10: =IF(C10<$G$5,1,0) | H10: =IF(B10>$E$5,1,0) | I10: =IF(B10<$C$5,1,0) | J10: =8*F10+4*G10+2*H10+I10 | K10: =IF(E10>$I$5,1,0) | L10: =IF(E10<$G$5,1,0) | M10: =IF(D10>$E$5,1,0) | N10: =IF(D10<$C$5,1,0) | O10: =8*K10+4*L10+2*M10+N10 | P10: =F10&G10&H10&I10 | Q10: =K10&L10&M10&N10 | R10: =F10*K10+G10*L10+H10*M10+I10*N10 | S10: =IF(J10+O10=0,"accept (both inside)",IF(R10>0,"reject (same side)","clip (subdivide)"))
A11: L3 | B11: -3 | C11: 4 | D11: 6 | E11: 12 | F11: =IF(C11>$I$5,1,0) | G11: =IF(C11<$G$5,1,0) | H11: =IF(B11>$E$5,1,0) | I11: =IF(B11<$C$5,1,0) | J11: =8*F11+4*G11+2*H11+I11 | K11: =IF(E11>$I$5,1,0) | L11: =IF(E11<$G$5,1,0) | M11: =IF(D11>$E$5,1,0) | N11: =IF(D11<$C$5,1,0) | O11: =8*K11+4*L11+2*M11+N11 | P11: =F11&G11&H11&I11 | Q11: =K11&L11&M11&N11 | R11: =F11*K11+G11*L11+H11*M11+I11*N11 | S11: =IF(J11+O11=0,"accept (both inside)",IF(R11>0,"reject (same side)","clip (subdivide)"))
A12: L4 | B12: -2 | C12: 3 | D12: 12 | E12: 5 | F12: =IF(C12>$I$5,1,0) | G12: =IF(C12<$G$5,1,0) | H12: =IF(B12>$E$5,1,0) | I12: =IF(B12<$C$5,1,0) | J12: =8*F12+4*G12+2*H12+I12 | K12: =IF(E12>$I$5,1,0) | L12: =IF(E12<$G$5,1,0) | M12: =IF(D12>$E$5,1,0) | N12: =IF(D12<$C$5,1,0) | O12: =8*K12+4*L12+2*M12+N12 | P12: =F12&G12&H12&I12 | Q12: =K12&L12&M12&N12 | R12: =F12*K12+G12*L12+H12*M12+I12*N12 | S12: =IF(J12+O12=0,"accept (both inside)",IF(R12>0,"reject (same side)","clip (subdivide)"))
A14: 2. Liang-Barsky: x = x0 + t dx, y = y0 + t dy; p1 = -dx, q1 = x0 - xmin; p2 = dx, q2 = xmax - x0; p3 = -dy, q3 = y0 - ymin; p4 = dy, q4 = ymax - y0
A15: line | B15: dx | C15: dy | D15: p1 | E15: p2 | F15: p3 | G15: p4 | H15: q1 | I15: q2 | J15: q3 | K15: q4 | L15: t enter = max(0, q/p, p<0) | M15: t exit = min(1, q/p, p>0) | N15: parallel outside | O15: visible | P15: x0' | Q15: y0' | R15: x1' | S15: y1'
A16: =A9 | B16: =D9-B9 | C16: =E9-C9 | D16: =-B16 | E16: =B16 | F16: =-C16 | G16: =C16 | H16: =B9-$C$5 | I16: =$E$5-B9 | J16: =C9-$G$5 | K16: =$I$5-C9 | L16: =MAX(0,IF(D16<0,H16/D16,0),IF(E16<0,I16/E16,0),IF(F16<0,J16/F16,0),IF(G16<0,K16/G16,0)) | M16: =MIN(1,IF(D16>0,H16/D16,1),IF(E16>0,I16/E16,1),IF(F16>0,J16/F16,1),IF(G16>0,K16/G16,1)) | N16: =IF(OR(AND(D16=0,H16<0),AND(E16=0,I16<0),AND(F16=0,J16<0),AND(G16=0,K16<0)),"yes","no") | O16: =IF(AND(N16="no",L16<=M16),"yes","no") | P16: =IF(O16="yes",B9+L16*B16,"-") | Q16: =IF(O16="yes",C9+L16*C16,"-") | R16: =IF(O16="yes",B9+M16*B16,"-") | S16: =IF(O16="yes",C9+M16*C16,"-")
A17: =A10 | B17: =D10-B10 | C17: =E10-C10 | D17: =-B17 | E17: =B17 | F17: =-C17 | G17: =C17 | H17: =B10-$C$5 | I17: =$E$5-B10 | J17: =C10-$G$5 | K17: =$I$5-C10 | L17: =MAX(0,IF(D17<0,H17/D17,0),IF(E17<0,I17/E17,0),IF(F17<0,J17/F17,0),IF(G17<0,K17/G17,0)) | M17: =MIN(1,IF(D17>0,H17/D17,1),IF(E17>0,I17/E17,1),IF(F17>0,J17/F17,1),IF(G17>0,K17/G17,1)) | N17: =IF(OR(AND(D17=0,H17<0),AND(E17=0,I17<0),AND(F17=0,J17<0),AND(G17=0,K17<0)),"yes","no") | O17: =IF(AND(N17="no",L17<=M17),"yes","no") | P17: =IF(O17="yes",B10+L17*B17,"-") | Q17: =IF(O17="yes",C10+L17*C17,"-") | R17: =IF(O17="yes",B10+M17*B17,"-") | S17: =IF(O17="yes",C10+M17*C17,"-")
A18: =A11 | B18: =D11-B11 | C18: =E11-C11 | D18: =-B18 | E18: =B18 | F18: =-C18 | G18: =C18 | H18: =B11-$C$5 | I18: =$E$5-B11 | J18: =C11-$G$5 | K18: =$I$5-C11 | L18: =MAX(0,IF(D18<0,H18/D18,0),IF(E18<0,I18/E18,0),IF(F18<0,J18/F18,0),IF(G18<0,K18/G18,0)) | M18: =MIN(1,IF(D18>0,H18/D18,1),IF(E18>0,I18/E18,1),IF(F18>0,J18/F18,1),IF(G18>0,K18/G18,1)) | N18: =IF(OR(AND(D18=0,H18<0),AND(E18=0,I18<0),AND(F18=0,J18<0),AND(G18=0,K18<0)),"yes","no") | O18: =IF(AND(N18="no",L18<=M18),"yes","no") | P18: =IF(O18="yes",B11+L18*B18,"-") | Q18: =IF(O18="yes",C11+L18*C18,"-") | R18: =IF(O18="yes",B11+M18*B18,"-") | S18: =IF(O18="yes",C11+M18*C18,"-")
A19: =A12 | B19: =D12-B12 | C19: =E12-C12 | D19: =-B19 | E19: =B19 | F19: =-C19 | G19: =C19 | H19: =B12-$C$5 | I19: =$E$5-B12 | J19: =C12-$G$5 | K19: =$I$5-C12 | L19: =MAX(0,IF(D19<0,H19/D19,0),IF(E19<0,I19/E19,0),IF(F19<0,J19/F19,0),IF(G19<0,K19/G19,0)) | M19: =MIN(1,IF(D19>0,H19/D19,1),IF(E19>0,I19/E19,1),IF(F19>0,J19/F19,1),IF(G19>0,K19/G19,1)) | N19: =IF(OR(AND(D19=0,H19<0),AND(E19=0,I19<0),AND(F19=0,J19<0),AND(G19=0,K19<0)),"yes","no") | O19: =IF(AND(N19="no",L19<=M19),"yes","no") | P19: =IF(O19="yes",B12+L19*B19,"-") | Q19: =IF(O19="yes",C12+L19*C19,"-") | R19: =IF(O19="yes",B12+M19*B19,"-") | S19: =IF(O19="yes",C12+M19*C19,"-")
A21: 3. Sutherland-Hodgman: triangle clipped against the 4 window edges in turn (output list -> next stage input)
A22: Triangle | B22: A | C22: -2 | D22: 3 | E22: B | F22: 7 | G22: -2 | H22: C | I22: 12 | J22: 10
A23: Stage 1: left x >= xmin | L23: Stage 2: right x <= xmax
A24: edge | B24: Sx | C24: Sy | D24: Px | E24: Py | F24: S in | G24: P in | H24: Ix | I24: Iy | J24: output | L24: edge | M24: Sx | N24: Sy | O24: Px | P24: Py | Q24: S in | R24: P in | S24: Ix | T24: Iy | U24: output
A25: 1-2 | B25: =C22 | C25: =D22 | D25: =F22 | E25: =G22 | F25: =IF(B25>=$C$5,1,0) | G25: =IF(D25>=$C$5,1,0) | H25: =IF(F25<>G25,$C$5,"-") | I25: =IF(F25<>G25,C25+($C$5-B25)*(E25-C25)/(D25-B25),"-") | J25: =IF(F25+G25=2,"P",IF(G25=1,"I, P",IF(F25=1,"I","none"))) | L25: 1-2 | M25: =H25 | N25: =I25 | O25: =D25 | P25: =E25 | Q25: =IF(M25<=$E$5,1,0) | R25: =IF(O25<=$E$5,1,0) | S25: =IF(Q25<>R25,$E$5,"-") | T25: =IF(Q25<>R25,N25+($E$5-M25)*(P25-N25)/(O25-M25),"-") | U25: =IF(Q25+R25=2,"P",IF(R25=1,"I, P",IF(Q25=1,"I","none")))
A26: 2-3 | B26: =F22 | C26: =G22 | D26: =I22 | E26: =J22 | F26: =IF(B26>=$C$5,1,0) | G26: =IF(D26>=$C$5,1,0) | H26: =IF(F26<>G26,$C$5,"-") | I26: =IF(F26<>G26,C26+($C$5-B26)*(E26-C26)/(D26-B26),"-") | J26: =IF(F26+G26=2,"P",IF(G26=1,"I, P",IF(F26=1,"I","none"))) | L26: 2-3 | M26: =D25 | N26: =E25 | O26: =D26 | P26: =E26 | Q26: =IF(M26<=$E$5,1,0) | R26: =IF(O26<=$E$5,1,0) | S26: =IF(Q26<>R26,$E$5,"-") | T26: =IF(Q26<>R26,N26+($E$5-M26)*(P26-N26)/(O26-M26),"-") | U26: =IF(Q26+R26=2,"P",IF(R26=1,"I, P",IF(Q26=1,"I","none")))
A27: 3-1 | B27: =I22 | C27: =J22 | D27: =C22 | E27: =D22 | F27: =IF(B27>=$C$5,1,0) | G27: =IF(D27>=$C$5,1,0) | H27: =IF(F27<>G27,$C$5,"-") | I27: =IF(F27<>G27,C27+($C$5-B27)*(E27-C27)/(D27-B27),"-") | J27: =IF(F27+G27=2,"P",IF(G27=1,"I, P",IF(F27=1,"I","none"))) | L27: 3-4 | M27: =D26 | N27: =E26 | O27: =H27 | P27: =I27 | Q27: =IF(M27<=$E$5,1,0) | R27: =IF(O27<=$E$5,1,0) | S27: =IF(Q27<>R27,$E$5,"-") | T27: =IF(Q27<>R27,N27+($E$5-M27)*(P27-N27)/(O27-M27),"-") | U27: =IF(Q27+R27=2,"P",IF(R27=1,"I, P",IF(Q27=1,"I","none")))
A28: out | B28: ="("&ROUND(H25,2)&", "&ROUND(I25,2)&")"&" "&"("&ROUND(D25,2)&", "&ROUND(E25,2)&")"&" "&"("&ROUND(D26,2)&", "&ROUND(E26,2)&")"&" "&"("&ROUND(H27,2)&", "&ROUND(I27,2)&")" | L28: 4-1 | M28: =H27 | N28: =I27 | O28: =H25 | P28: =I25 | Q28: =IF(M28<=$E$5,1,0) | R28: =IF(O28<=$E$5,1,0) | S28: =IF(Q28<>R28,$E$5,"-") | T28: =IF(Q28<>R28,N28+($E$5-M28)*(P28-N28)/(O28-M28),"-") | U28: =IF(Q28+R28=2,"P",IF(R28=1,"I, P",IF(Q28=1,"I","none")))
A29: 4 vertices | L29: out | M29: ="("&ROUND(O25,2)&", "&ROUND(P25,2)&")"&" "&"("&ROUND(S26,2)&", "&ROUND(T26,2)&")"&" "&"("&ROUND(S27,2)&", "&ROUND(T27,2)&")"&" "&"("&ROUND(O27,2)&", "&ROUND(P27,2)&")"&" "&"("&ROUND(O28,2)&", "&ROUND(P28,2)&")"
L30: 5 vertices
A32: Stage 3: bottom y >= ymin | L32: Stage 4: top y <= ymax
A33: edge | B33: Sx | C33: Sy | D33: Px | E33: Py | F33: S in | G33: P in | H33: Ix | I33: Iy | J33: output | L33: edge | M33: Sx | N33: Sy | O33: Px | P33: Py | Q33: S in | R33: P in | S33: Ix | T33: Iy | U33: output
A34: 1-2 | B34: =O25 | C34: =P25 | D34: =S26 | E34: =T26 | F34: =IF(C34>=$G$5,1,0) | G34: =IF(E34>=$G$5,1,0) | H34: =IF(F34<>G34,B34+($G$5-C34)*(D34-B34)/(E34-C34),"-") | I34: =IF(F34<>G34,$G$5,"-") | J34: =IF(F34+G34=2,"P",IF(G34=1,"I, P",IF(F34=1,"I","none"))) | L34: 1-2 | M34: =H34 | N34: =I34 | O34: =D34 | P34: =E34 | Q34: =IF(N34<=$I$5,1,0) | R34: =IF(P34<=$I$5,1,0) | S34: =IF(Q34<>R34,M34+($I$5-N34)*(O34-M34)/(P34-N34),"-") | T34: =IF(Q34<>R34,$I$5,"-") | U34: =IF(Q34+R34=2,"P",IF(R34=1,"I, P",IF(Q34=1,"I","none")))
A35: 2-3 | B35: =S26 | C35: =T26 | D35: =S27 | E35: =T27 | F35: =IF(C35>=$G$5,1,0) | G35: =IF(E35>=$G$5,1,0) | H35: =IF(F35<>G35,B35+($G$5-C35)*(D35-B35)/(E35-C35),"-") | I35: =IF(F35<>G35,$G$5,"-") | J35: =IF(F35+G35=2,"P",IF(G35=1,"I, P",IF(F35=1,"I","none"))) | L35: 2-3 | M35: =D34 | N35: =E34 | O35: =D35 | P35: =E35 | Q35: =IF(N35<=$I$5,1,0) | R35: =IF(P35<=$I$5,1,0) | S35: =IF(Q35<>R35,M35+($I$5-N35)*(O35-M35)/(P35-N35),"-") | T35: =IF(Q35<>R35,$I$5,"-") | U35: =IF(Q35+R35=2,"P",IF(R35=1,"I, P",IF(Q35=1,"I","none")))
A36: 3-4 | B36: =S27 | C36: =T27 | D36: =O27 | E36: =P27 | F36: =IF(C36>=$G$5,1,0) | G36: =IF(E36>=$G$5,1,0) | H36: =IF(F36<>G36,B36+($G$5-C36)*(D36-B36)/(E36-C36),"-") | I36: =IF(F36<>G36,$G$5,"-") | J36: =IF(F36+G36=2,"P",IF(G36=1,"I, P",IF(F36=1,"I","none"))) | L36: 3-4 | M36: =D35 | N36: =E35 | O36: =D36 | P36: =E36 | Q36: =IF(N36<=$I$5,1,0) | R36: =IF(P36<=$I$5,1,0) | S36: =IF(Q36<>R36,M36+($I$5-N36)*(O36-M36)/(P36-N36),"-") | T36: =IF(Q36<>R36,$I$5,"-") | U36: =IF(Q36+R36=2,"P",IF(R36=1,"I, P",IF(Q36=1,"I","none")))
A37: 4-5 | B37: =O27 | C37: =P27 | D37: =O28 | E37: =P28 | F37: =IF(C37>=$G$5,1,0) | G37: =IF(E37>=$G$5,1,0) | H37: =IF(F37<>G37,B37+($G$5-C37)*(D37-B37)/(E37-C37),"-") | I37: =IF(F37<>G37,$G$5,"-") | J37: =IF(F37+G37=2,"P",IF(G37=1,"I, P",IF(F37=1,"I","none"))) | L37: 4-5 | M37: =D36 | N37: =E36 | O37: =D37 | P37: =E37 | Q37: =IF(N37<=$I$5,1,0) | R37: =IF(P37<=$I$5,1,0) | S37: =IF(Q37<>R37,M37+($I$5-N37)*(O37-M37)/(P37-N37),"-") | T37: =IF(Q37<>R37,$I$5,"-") | U37: =IF(Q37+R37=2,"P",IF(R37=1,"I, P",IF(Q37=1,"I","none")))
A38: 5-1 | B38: =O28 | C38: =P28 | D38: =O25 | E38: =P25 | F38: =IF(C38>=$G$5,1,0) | G38: =IF(E38>=$G$5,1,0) | H38: =IF(F38<>G38,B38+($G$5-C38)*(D38-B38)/(E38-C38),"-") | I38: =IF(F38<>G38,$G$5,"-") | J38: =IF(F38+G38=2,"P",IF(G38=1,"I, P",IF(F38=1,"I","none"))) | L38: 5-6 | M38: =D37 | N38: =E37 | O38: =H38 | P38: =I38 | Q38: =IF(N38<=$I$5,1,0) | R38: =IF(P38<=$I$5,1,0) | S38: =IF(Q38<>R38,M38+($I$5-N38)*(O38-M38)/(P38-N38),"-") | T38: =IF(Q38<>R38,$I$5,"-") | U38: =IF(Q38+R38=2,"P",IF(R38=1,"I, P",IF(Q38=1,"I","none")))
A39: out | B39: ="("&ROUND(H34,2)&", "&ROUND(I34,2)&")"&" "&"("&ROUND(D34,2)&", "&ROUND(E34,2)&")"&" "&"("&ROUND(D35,2)&", "&ROUND(E35,2)&")"&" "&"("&ROUND(D36,2)&", "&ROUND(E36,2)&")"&" "&"("&ROUND(D37,2)&", "&ROUND(E37,2)&")"&" "&"("&ROUND(H38,2)&", "&ROUND(I38,2)&")" | L39: 6-1 | M39: =H38 | N39: =I38 | O39: =H34 | P39: =I34 | Q39: =IF(N39<=$I$5,1,0) | R39: =IF(P39<=$I$5,1,0) | S39: =IF(Q39<>R39,M39+($I$5-N39)*(O39-M39)/(P39-N39),"-") | T39: =IF(Q39<>R39,$I$5,"-") | U39: =IF(Q39+R39=2,"P",IF(R39=1,"I, P",IF(Q39=1,"I","none")))
A40: 6 vertices | L40: out | M40: ="("&ROUND(O34,2)&", "&ROUND(P34,2)&")"&" "&"("&ROUND(S35,2)&", "&ROUND(T35,2)&")"&" "&"("&ROUND(S36,2)&", "&ROUND(T36,2)&")"&" "&"("&ROUND(O36,2)&", "&ROUND(P36,2)&")"&" "&"("&ROUND(O37,2)&", "&ROUND(P37,2)&")"&" "&"("&ROUND(O38,2)&", "&ROUND(P38,2)&")"&" "&"("&ROUND(O39,2)&", "&ROUND(P39,2)&")"
L41: 7 vertices
A42: Each stage keeps the output-list rule: in-in -> P; in-out -> I; out-in -> I, P; out-out -> none. The final list is the clipped polygon (fan-triangulated afterwards).

Sheet Illumination
A1: Illumination: ambient + Lambert diffuse + Blinn-Phong specular at one roof point
A2: Legend: yellow = input from the code; white = formula.
A3: Source: scene/DayCycle (solar model, transmittance, 3.2 smoothstep(-1, 10, e), ambient mixLog); export 'lights'; ShaderSources.cpp brdf(); BNK-171 'Roof slab A'.
A5: Quantity | B5: Noon | C5: Sunset | D5: Night (moon) | E5: UAV spot (beam axis) | F5: UAV spot (roof point) | H5: Input (from the code) | I5: x / R | J5: y / G | K5: z / B
A6: hour (clock) | B6: 12 | C6: 17.5 | D6: 23 | E6: 23 | F6: 23 | H6: latitude phi, declination delta (deg) | I6: 22.8 | J6: -4.6
A7: H = 15 (hour - 12) (deg) | B7: =15*(B6-12) | C7: =15*(C6-12) | D7: =15*(D6-12) | E7: =15*(E6-12) | F7: =15*(F6-12) | H7: sun intensity, key above (deg) | I7: 3.2 | J7: -1
A8: sin e = sin phi sin d + cos phi cos d cos H | B8: =SIN(RADIANS($I$6))*SIN(RADIANS($J$6))+COS(RADIANS($I$6))*COS(RADIANS($J$6))*COS(RADIANS(B7)) | C8: =SIN(RADIANS($I$6))*SIN(RADIANS($J$6))+COS(RADIANS($I$6))*COS(RADIANS($J$6))*COS(RADIANS(C7)) | D8: =SIN(RADIANS($I$6))*SIN(RADIANS($J$6))+COS(RADIANS($I$6))*COS(RADIANS($J$6))*COS(RADIANS(D7)) | E8: =SIN(RADIANS($I$6))*SIN(RADIANS($J$6))+COS(RADIANS($I$6))*COS(RADIANS($J$6))*COS(RADIANS(E7)) | F8: =SIN(RADIANS($I$6))*SIN(RADIANS($J$6))+COS(RADIANS($I$6))*COS(RADIANS($J$6))*COS(RADIANS(F7)) | H8: optical depth tau (R, G, B) | I8: 0.06 | J8: 0.11 | K8: 0.21
A9: sun elevation e (deg) | B9: =DEGREES(ASIN(B8)) | C9: =DEGREES(ASIN(C8)) | D9: =DEGREES(ASIN(D8)) | E9: =DEGREES(ASIN(E8)) | F9: =DEGREES(ASIN(F8)) | H9: moon direction (travel) | I9: -0.5598 | J9: -0.3868 | K9: 0.7328
A10: daylight w = smoothstep(-8, 6, e) | B10: =(MIN(MAX((B9-(-8))/((6)-(-8)),0),1)^2*(3-2*MIN(MAX((B9-(-8))/((6)-(-8)),0),1))) | C10: =(MIN(MAX((C9-(-8))/((6)-(-8)),0),1)^2*(3-2*MIN(MAX((C9-(-8))/((6)-(-8)),0),1))) | D10: =(MIN(MAX((D9-(-8))/((6)-(-8)),0),1)^2*(3-2*MIN(MAX((D9-(-8))/((6)-(-8)),0),1))) | E10: =(MIN(MAX((E9-(-8))/((6)-(-8)),0),1)^2*(3-2*MIN(MAX((E9-(-8))/((6)-(-8)),0),1))) | F10: =(MIN(MAX((F9-(-8))/((6)-(-8)),0),1)^2*(3-2*MIN(MAX((F9-(-8))/((6)-(-8)),0),1))) | H10: moon colour | I10: 0.55 | J10: 0.62 | K10: 0.8
A11: surface point P.x (m) | B11: =$I$21 | C11: =$I$21 | D11: =$I$21 | E11: =$I$12+(($J$21-$J$12)/$J$13)*$I$13 | F11: =$I$21 | H11: moon intensity | I11: 0.95
A12: surface point P.y (m) | B12: =$J$21 | C12: =$J$21 | D12: =$J$21 | E12: =$J$21 | F12: =$J$21 | H12: spot position (m) | I12: 0 | J12: 7.356 | K12: 12.37
A13: surface point P.z (m) | B13: =$K$21 | C13: =$K$21 | D13: =$K$21 | E13: =$K$12+(($J$21-$J$12)/$J$13)*$K$13 | F13: =$K$21 | H13: spot direction | I13: 0 | J13: -0.766 | K13: -0.6428
A14: to light (unnormalised) x | B14: =-COS(RADIANS($J$6))*SIN(RADIANS(B7)) | C14: =-COS(RADIANS($J$6))*SIN(RADIANS(C7)) | D14: =-$I$9 | E14: =$I$12-E11 | F14: =$I$12-F11 | H14: spot colour | I14: 1 | J14: 0.95 | K14: 0.82
A15: to light (unnormalised) y | B15: =B8 | C15: =C8 | D15: =-$J$9 | E15: =$J$12-E12 | F15: =$J$12-F12 | H15: spot intensity, inner, outer (deg) | I15: 5 | J15: 9 | K15: 14
A16: to light (unnormalised) z | B16: =COS(RADIANS($I$6))*SIN(RADIANS($J$6))-SIN(RADIANS($I$6))*COS(RADIANS($J$6))*COS(RADIANS(B7)) | C16: =COS(RADIANS($I$6))*SIN(RADIANS($J$6))-SIN(RADIANS($I$6))*COS(RADIANS($J$6))*COS(RADIANS(C7)) | D16: =-$K$9 | E16: =$K$12-E13 | F16: =$K$12-F13 | H16: spot attenuation linear, quadratic | I16: 0.05 | J16: 0.03
A17: distance d = |to light| (m) | B17: =SQRT(B14^2+B15^2+B16^2) | C17: =SQRT(C14^2+C15^2+C16^2) | D17: =SQRT(D14^2+D15^2+D16^2) | E17: =SQRT(E14^2+E15^2+E16^2) | F17: =SQRT(F14^2+F15^2+F16^2) | H17: night ambient (LightRig) | I17: 0.06 | J17: 0.065 | K17: 0.085
A18: L.x (unit) | B18: =B14/B17 | C18: =C14/C17 | D18: =D14/D17 | E18: =E14/E17 | F18: =F14/F17 | H18: day ambient (kDayAmbient) | I18: 0.34 | J18: 0.36 | K18: 0.4
A19: L.y (unit) | B19: =B15/B17 | C19: =C15/C17 | D19: =D15/D17 | E19: =E15/E17 | F19: =F15/F17 | H19: roof albedo kd (BNK-171 colour) | I19: 0.3 | J19: 0.3 | K19: 0.28
A20: L.z (unit) | B20: =B16/B17 | C20: =C16/C17 | D20: =D16/D17 | E20: =E16/E17 | F20: =F16/F17 | H20: roof ks, shininess n | I20: 0.076 | J20: 2
A21: angle to spot axis (deg) | B21: - | C21: - | D21: - | E21: =DEGREES(ACOS(-(E18*$I$13+E19*$J$13+E20*$K$13))) | F21: =DEGREES(ACOS(-(F18*$I$13+F19*$J$13+F20*$K$13))) | H21: roof point P (top face, m) | I21: 0 | J21: -0.45 | K21: -1.3
A22: spot cone c^2, c = clamp((cos a - cos o)/(cos i - cos o)) | B22: - | C22: - | D22: - | E22: =MIN(MAX((COS(RADIANS(E21))-COS(RADIANS($K$15)))/(COS(RADIANS($J$15))-COS(RADIANS($K$15))),0),1)^2 | F22: =MIN(MAX((COS(RADIANS(F21))-COS(RADIANS($K$15)))/(COS(RADIANS($J$15))-COS(RADIANS($K$15))),0),1)^2 | H22: normal N | I22: 0 | J22: 1 | K22: 0
A23: attenuation 1 / (1 + kl d + kq d^2) | B23: - | C23: - | D23: - | E23: =1/(1+$I$16*E17+$J$16*E17^2) | F23: =1/(1+$I$16*F17+$J$16*F17^2) | H23: viewer: orbit eye (View_Projection) | I23: ='View_Projection'!$B$18 | J23: ='View_Projection'!$C$18 | K23: ='View_Projection'!$D$18
A24: air mass m (Kasten-Young) | B24: =1/(SIN(RADIANS(MAX(B9,-1)))+0.50572*(MAX(B9,-1)+6.07995)^(-1.6364)) | C24: =1/(SIN(RADIANS(MAX(C9,-1)))+0.50572*(MAX(C9,-1)+6.07995)^(-1.6364)) | D24: - | E24: - | F24: -
A25: light intensity (scalar) | B25: =$I$7*(MIN(MAX((B9-($J$7))/((10)-($J$7)),0),1)^2*(3-2*MIN(MAX((B9-($J$7))/((10)-($J$7)),0),1))) | C25: =$I$7*(MIN(MAX((C9-($J$7))/((10)-($J$7)),0),1)^2*(3-2*MIN(MAX((C9-($J$7))/((10)-($J$7)),0),1))) | D25: =$I$11 | E25: =$I$15*E22*E23 | F25: =$I$15*F22*F23 | H25: Model (display-referred Blinn-Phong path), per channel:
A26: N . L (clamped at 0) | B26: =MAX(0,$I$22*B18+$J$22*B19+$K$22*B20) | C26: =MAX(0,$I$22*C18+$J$22*C19+$K$22*C20) | D26: =MAX(0,$I$22*D18+$J$22*D19+$K$22*D20) | E26: =MAX(0,$I$22*E18+$J$22*E19+$K$22*E20) | F26: =MAX(0,$I$22*F18+$J$22*F19+$K$22*F20) | H26: I = kd Ia + kd Il (N.L) + ks Il (N.H)^n
A27: L + V (H before normalising) x | B27: =B18+($I$23-B11)/SQRT(($I$23-B11)^2+($J$23-B12)^2+($K$23-B13)^2) | C27: =C18+($I$23-C11)/SQRT(($I$23-C11)^2+($J$23-C12)^2+($K$23-C13)^2) | D27: =D18+($I$23-D11)/SQRT(($I$23-D11)^2+($J$23-D12)^2+($K$23-D13)^2) | E27: =E18+($I$23-E11)/SQRT(($I$23-E11)^2+($J$23-E12)^2+($K$23-E13)^2) | F27: =F18+($I$23-F11)/SQRT(($I$23-F11)^2+($J$23-F12)^2+($K$23-F13)^2) | H27: Not modelled: shadows, AO, relief, HDR sky SH ambient,
A28: L + V y | B28: =B19+($J$23-B12)/SQRT(($I$23-B11)^2+($J$23-B12)^2+($K$23-B13)^2) | C28: =C19+($J$23-C12)/SQRT(($I$23-C11)^2+($J$23-C12)^2+($K$23-C13)^2) | D28: =D19+($J$23-D12)/SQRT(($I$23-D11)^2+($J$23-D12)^2+($K$23-D13)^2) | E28: =E19+($J$23-E12)/SQRT(($I$23-E11)^2+($J$23-E12)^2+($K$23-E13)^2) | F28: =F19+($J$23-F12)/SQRT(($I$23-F11)^2+($J$23-F12)^2+($K$23-F13)^2) | H28: moon tint.
A29: L + V z | B29: =B20+($K$23-B13)/SQRT(($I$23-B11)^2+($J$23-B12)^2+($K$23-B13)^2) | C29: =C20+($K$23-C13)/SQRT(($I$23-C11)^2+($J$23-C12)^2+($K$23-C13)^2) | D29: =D20+($K$23-D13)/SQRT(($I$23-D11)^2+($J$23-D12)^2+($K$23-D13)^2) | E29: =E20+($K$23-E13)/SQRT(($I$23-E11)^2+($J$23-E12)^2+($K$23-E13)^2) | F29: =F20+($K$23-F13)/SQRT(($I$23-F11)^2+($J$23-F12)^2+($K$23-F13)^2) | H29: Spot cone (shader): c = clamp((cos a - cos outer) /
A30: N . H | B30: =MAX(0,($I$22*B27+$J$22*B28+$K$22*B29)/SQRT(B27^2+B28^2+B29^2)) | C30: =MAX(0,($I$22*C27+$J$22*C28+$K$22*C29)/SQRT(C27^2+C28^2+C29^2)) | D30: =MAX(0,($I$22*D27+$J$22*D28+$K$22*D29)/SQRT(D27^2+D28^2+D29^2)) | E30: =MAX(0,($I$22*E27+$J$22*E28+$K$22*E29)/SQRT(E27^2+E28^2+E29^2)) | F30: =MAX(0,($I$22*F27+$J$22*F28+$K$22*F29)/SQRT(F27^2+F28^2+F29^2)) | H30: (cos inner - cos outer)), weight c^2 (not smoothstep).
A31: (N . H)^n (0 when N . L = 0) | B31: =IF(B26>0,B30^$J$20,0) | C31: =IF(C26>0,C30^$J$20,0) | D31: =IF(D26>0,D30^$J$20,0) | E31: =IF(E26>0,E30^$J$20,0) | F31: =IF(F26>0,F30^$J$20,0) | H31: Roof point: 20 deg off the spot axis at t = 0, outside
H32: the 14 deg cone. Column E: the up-facing point on the
A33: Per-channel terms (light colour = transmittance for the sun) | H33: beam axis at roof height.
A34: Term (channel) | B34: Noon | C34: Sunset | D34: Night (moon) | E34: UAV spot (beam axis) | F34: UAV spot (roof point) | H34: Sun key direction is quantised to 1 deg in the code.
A35: Il = light colour x intensity R | B35: =EXP(-$I$8*(B24-1))*B25 | C35: =EXP(-$I$8*(C24-1))*C25 | D35: =$I$10*D25 | E35: =$I$14*E25 | F35: =$I$14*F25
A36: Il = light colour x intensity G | B36: =EXP(-$J$8*(B24-1))*B25 | C36: =EXP(-$J$8*(C24-1))*C25 | D36: =$J$10*D25 | E36: =$J$14*E25 | F36: =$J$14*F25
A37: Il = light colour x intensity B | B37: =EXP(-$K$8*(B24-1))*B25 | C37: =EXP(-$K$8*(C24-1))*C25 | D37: =$K$10*D25 | E37: =$K$14*E25 | F37: =$K$14*F25
A38: ambient Ia R | B38: =$I$17^(1-B10)*$I$18^B10 | C38: =$I$17^(1-C10)*$I$18^C10 | D38: =$I$17^(1-D10)*$I$18^D10 | E38: =$I$17^(1-E10)*$I$18^E10 | F38: =$I$17^(1-F10)*$I$18^F10
A39: ambient Ia G | B39: =$J$17^(1-B10)*$J$18^B10 | C39: =$J$17^(1-C10)*$J$18^C10 | D39: =$J$17^(1-D10)*$J$18^D10 | E39: =$J$17^(1-E10)*$J$18^E10 | F39: =$J$17^(1-F10)*$J$18^F10
A40: ambient Ia B | B40: =$K$17^(1-B10)*$K$18^B10 | C40: =$K$17^(1-C10)*$K$18^C10 | D40: =$K$17^(1-D10)*$K$18^D10 | E40: =$K$17^(1-E10)*$K$18^E10 | F40: =$K$17^(1-F10)*$K$18^F10
A41: ambient kd Ia R | B41: =$I$19*B38 | C41: =$I$19*C38 | D41: =$I$19*D38 | E41: =$I$19*E38 | F41: =$I$19*F38
A42: ambient kd Ia G | B42: =$J$19*B39 | C42: =$J$19*C39 | D42: =$J$19*D39 | E42: =$J$19*E39 | F42: =$J$19*F39
A43: ambient kd Ia B | B43: =$K$19*B40 | C43: =$K$19*C40 | D43: =$K$19*D40 | E43: =$K$19*E40 | F43: =$K$19*F40
A44: diffuse kd Il (N.L) R | B44: =$I$19*B35*B26 | C44: =$I$19*C35*C26 | D44: =$I$19*D35*D26 | E44: =$I$19*E35*E26 | F44: =$I$19*F35*F26
A45: diffuse kd Il (N.L) G | B45: =$J$19*B36*B26 | C45: =$J$19*C36*C26 | D45: =$J$19*D36*D26 | E45: =$J$19*E36*E26 | F45: =$J$19*F36*F26
A46: diffuse kd Il (N.L) B | B46: =$K$19*B37*B26 | C46: =$K$19*C37*C26 | D46: =$K$19*D37*D26 | E46: =$K$19*E37*E26 | F46: =$K$19*F37*F26
A47: specular ks Il (N.H)^n R | B47: =$I$20*B35*B31 | C47: =$I$20*C35*C31 | D47: =$I$20*D35*D31 | E47: =$I$20*E35*E31 | F47: =$I$20*F35*F31
A48: specular ks Il (N.H)^n G | B48: =$I$20*B36*B31 | C48: =$I$20*C36*C31 | D48: =$I$20*D36*D31 | E48: =$I$20*E36*E31 | F48: =$I$20*F36*F31
A49: specular ks Il (N.H)^n B | B49: =$I$20*B37*B31 | C49: =$I$20*C37*C31 | D49: =$I$20*D37*D31 | E49: =$I$20*E37*E31 | F49: =$I$20*F37*F31
A50: total I R | B50: =B41+B44+B47 | C50: =C41+C44+C47 | D50: =D41+D44+D47 | E50: =E41+E44+E47 | F50: =F41+F44+F47
A51: total I G | B51: =B42+B45+B48 | C51: =C42+C45+C48 | D51: =D42+D45+D48 | E51: =E42+E45+E48 | F51: =F42+F45+F48
A52: total I B | B52: =B43+B46+B49 | C52: =C43+C46+C49 | D52: =D43+D46+D49 | E52: =E43+E46+E49 | F52: =F43+F46+F49
A53: luminance Y of total (Rec. 709) | B53: =0.2126*B50+0.7152*B51+0.0722*B52 | C53: =0.2126*C50+0.7152*C51+0.0722*C52 | D53: =0.2126*D50+0.7152*D51+0.0722*D52 | E53: =0.2126*E50+0.7152*E51+0.0722*E52 | F53: =0.2126*F50+0.7152*F51+0.0722*F52
A54: Ambient Ia = night^(1-w) day^w (DayCycle mixLog); spot columns: beams on at night only (sun below -2 deg). Linear HDR units (the sun's irradiance is 3.2).

Sheet Color_Interp
A1: Color_Interp: barycentric weights, Gouraud vs Phong, perspective-correct interpolation, sRGB blending, sky colour over the day
A2: Legend: yellow = input from the code; white = formula.
A3: Source: math/ExplorerMath edgeFunction / interpolateAffine / interpolatePerspective / srgbEncode (sections A-D: worked example values); section E: DayCycle solar model + export v6.day_cycle.grid (sky_zenith).
A5: A. Screen triangle (worked example) with per-vertex data | K5: E. Blending two sRGB colours: naive (in sRGB) vs correct (in linear light)
A6: vertex | B6: x (px) | C6: y (px) | D6: clip w | E6: tex u | F6: N.x | G6: N.y | H6: N.z | I6: I vertex | K6: colour | L6: R (0-255) | M6: G | N6: B | O6: R linear | P6: G linear | Q6: B linear
A7: V0 | B7: 100 | C7: 100 | D7: 1 | E7: 0 | F7: -0.6012 | G7: -0.4008 | H7: 0.6913 | I7: =$B$11*MAX(0,H7)+$C$11*MAX(0,H7)^$D$11 | K7: A | L7: 255 | M7: 64 | N7: 0 | O7: =IF((L7/255)<=0.04045,(L7/255)/12.92,(((L7/255)+0.055)/1.055)^2.4) | P7: =IF((M7/255)<=0.04045,(M7/255)/12.92,(((M7/255)+0.055)/1.055)^2.4) | Q7: =IF((N7/255)<=0.04045,(N7/255)/12.92,(((N7/255)+0.055)/1.055)^2.4)
A8: V1 | B8: 400 | C8: 150 | D8: 4 | E8: 1 | F8: 0.6007 | G8: -0.3004 | H8: 0.7409 | I8: =$B$11*MAX(0,H8)+$C$11*MAX(0,H8)^$D$11 | K8: B | L8: 0 | M8: 128 | N8: 255 | O8: =IF((L8/255)<=0.04045,(L8/255)/12.92,(((L8/255)+0.055)/1.055)^2.4) | P8: =IF((M8/255)<=0.04045,(M8/255)/12.92,(((M8/255)+0.055)/1.055)^2.4) | Q8: =IF((N8/255)<=0.04045,(N8/255)/12.92,(((N8/255)+0.055)/1.055)^2.4)
A9: V2 | B9: 220 | C9: 380 | D9: 10 | E9: 0.5 | F9: 0 | G9: 0.6 | H9: 0.8 | I9: =$B$11*MAX(0,H9)+$C$11*MAX(0,H9)^$D$11 | K9: t | L9: naive R | M9: naive G | N9: naive B | O9: linear R | P9: linear G | Q9: linear B | R9: Y naive | S9: Y linear
A10: light | B10: L = V = (0, 0, 1), H = (0, 0, 1) | K10: 0 | L10: =(1-K10)*$L$7+K10*$L$8 | M10: =(1-K10)*$M$7+K10*$M$8 | N10: =(1-K10)*$N$7+K10*$N$8 | O10: =255*IF(((1-K10)*$O$7+K10*$O$8)<=0.0031308,12.92*((1-K10)*$O$7+K10*$O$8),1.055*((1-K10)*$O$7+K10*$O$8)^(1/2.4)-0.055) | P10: =255*IF(((1-K10)*$P$7+K10*$P$8)<=0.0031308,12.92*((1-K10)*$P$7+K10*$P$8),1.055*((1-K10)*$P$7+K10*$P$8)^(1/2.4)-0.055) | Q10: =255*IF(((1-K10)*$Q$7+K10*$Q$8)<=0.0031308,12.92*((1-K10)*$Q$7+K10*$Q$8),1.055*((1-K10)*$Q$7+K10*$Q$8)^(1/2.4)-0.055) | R10: =0.2126*IF(L10/255<=0.04045,L10/255/12.92,((L10/255+0.055)/1.055)^2.4)+0.7152*IF(M10/255<=0.04045,M10/255/12.92,((M10/255+0.055)/1.055)^2.4)+0.0722*IF(N10/255<=0.04045,N10/255/12.92,((N10/255+0.055)/1.055)^2.4) | S10: =0.2126*IF(O10/255<=0.04045,O10/255/12.92,((O10/255+0.055)/1.055)^2.4)+0.7152*IF(P10/255<=0.04045,P10/255/12.92,((P10/255+0.055)/1.055)^2.4)+0.0722*IF(Q10/255<=0.04045,Q10/255/12.92,((Q10/255+0.055)/1.055)^2.4)
A11: kd, ks, n | B11: 0.6 | C11: 0.6 | D11: 40 | K11: 0.25 | L11: =(1-K11)*$L$7+K11*$L$8 | M11: =(1-K11)*$M$7+K11*$M$8 | N11: =(1-K11)*$N$7+K11*$N$8 | O11: =255*IF(((1-K11)*$O$7+K11*$O$8)<=0.0031308,12.92*((1-K11)*$O$7+K11*$O$8),1.055*((1-K11)*$O$7+K11*$O$8)^(1/2.4)-0.055) | P11: =255*IF(((1-K11)*$P$7+K11*$P$8)<=0.0031308,12.92*((1-K11)*$P$7+K11*$P$8),1.055*((1-K11)*$P$7+K11*$P$8)^(1/2.4)-0.055) | Q11: =255*IF(((1-K11)*$Q$7+K11*$Q$8)<=0.0031308,12.92*((1-K11)*$Q$7+K11*$Q$8),1.055*((1-K11)*$Q$7+K11*$Q$8)^(1/2.4)-0.055) | R11: =0.2126*IF(L11/255<=0.04045,L11/255/12.92,((L11/255+0.055)/1.055)^2.4)+0.7152*IF(M11/255<=0.04045,M11/255/12.92,((M11/255+0.055)/1.055)^2.4)+0.0722*IF(N11/255<=0.04045,N11/255/12.92,((N11/255+0.055)/1.055)^2.4) | S11: =0.2126*IF(O11/255<=0.04045,O11/255/12.92,((O11/255+0.055)/1.055)^2.4)+0.7152*IF(P11/255<=0.04045,P11/255/12.92,((P11/255+0.055)/1.055)^2.4)+0.0722*IF(Q11/255<=0.04045,Q11/255/12.92,((Q11/255+0.055)/1.055)^2.4)
A12: 2 x area (edge fn) | B12: =($B$8-$B$7)*($C$9-$C$7)-($C$8-$C$7)*($B$9-$B$7) | K12: 0.5 | L12: =(1-K12)*$L$7+K12*$L$8 | M12: =(1-K12)*$M$7+K12*$M$8 | N12: =(1-K12)*$N$7+K12*$N$8 | O12: =255*IF(((1-K12)*$O$7+K12*$O$8)<=0.0031308,12.92*((1-K12)*$O$7+K12*$O$8),1.055*((1-K12)*$O$7+K12*$O$8)^(1/2.4)-0.055) | P12: =255*IF(((1-K12)*$P$7+K12*$P$8)<=0.0031308,12.92*((1-K12)*$P$7+K12*$P$8),1.055*((1-K12)*$P$7+K12*$P$8)^(1/2.4)-0.055) | Q12: =255*IF(((1-K12)*$Q$7+K12*$Q$8)<=0.0031308,12.92*((1-K12)*$Q$7+K12*$Q$8),1.055*((1-K12)*$Q$7+K12*$Q$8)^(1/2.4)-0.055) | R12: =0.2126*IF(L12/255<=0.04045,L12/255/12.92,((L12/255+0.055)/1.055)^2.4)+0.7152*IF(M12/255<=0.04045,M12/255/12.92,((M12/255+0.055)/1.055)^2.4)+0.0722*IF(N12/255<=0.04045,N12/255/12.92,((N12/255+0.055)/1.055)^2.4) | S12: =0.2126*IF(O12/255<=0.04045,O12/255/12.92,((O12/255+0.055)/1.055)^2.4)+0.7152*IF(P12/255<=0.04045,P12/255/12.92,((P12/255+0.055)/1.055)^2.4)+0.0722*IF(Q12/255<=0.04045,Q12/255/12.92,((Q12/255+0.055)/1.055)^2.4)
K13: 0.75 | L13: =(1-K13)*$L$7+K13*$L$8 | M13: =(1-K13)*$M$7+K13*$M$8 | N13: =(1-K13)*$N$7+K13*$N$8 | O13: =255*IF(((1-K13)*$O$7+K13*$O$8)<=0.0031308,12.92*((1-K13)*$O$7+K13*$O$8),1.055*((1-K13)*$O$7+K13*$O$8)^(1/2.4)-0.055) | P13: =255*IF(((1-K13)*$P$7+K13*$P$8)<=0.0031308,12.92*((1-K13)*$P$7+K13*$P$8),1.055*((1-K13)*$P$7+K13*$P$8)^(1/2.4)-0.055) | Q13: =255*IF(((1-K13)*$Q$7+K13*$Q$8)<=0.0031308,12.92*((1-K13)*$Q$7+K13*$Q$8),1.055*((1-K13)*$Q$7+K13*$Q$8)^(1/2.4)-0.055) | R13: =0.2126*IF(L13/255<=0.04045,L13/255/12.92,((L13/255+0.055)/1.055)^2.4)+0.7152*IF(M13/255<=0.04045,M13/255/12.92,((M13/255+0.055)/1.055)^2.4)+0.0722*IF(N13/255<=0.04045,N13/255/12.92,((N13/255+0.055)/1.055)^2.4) | S13: =0.2126*IF(O13/255<=0.04045,O13/255/12.92,((O13/255+0.055)/1.055)^2.4)+0.7152*IF(P13/255<=0.04045,P13/255/12.92,((P13/255+0.055)/1.055)^2.4)+0.0722*IF(Q13/255<=0.04045,Q13/255/12.92,((Q13/255+0.055)/1.055)^2.4)
A14: B. Barycentric weights at sample points: w0 = E12(p) / area, w1 = E20(p) / area, w2 = E01(p) / area | K14: 1 | L14: =(1-K14)*$L$7+K14*$L$8 | M14: =(1-K14)*$M$7+K14*$M$8 | N14: =(1-K14)*$N$7+K14*$N$8 | O14: =255*IF(((1-K14)*$O$7+K14*$O$8)<=0.0031308,12.92*((1-K14)*$O$7+K14*$O$8),1.055*((1-K14)*$O$7+K14*$O$8)^(1/2.4)-0.055) | P14: =255*IF(((1-K14)*$P$7+K14*$P$8)<=0.0031308,12.92*((1-K14)*$P$7+K14*$P$8),1.055*((1-K14)*$P$7+K14*$P$8)^(1/2.4)-0.055) | Q14: =255*IF(((1-K14)*$Q$7+K14*$Q$8)<=0.0031308,12.92*((1-K14)*$Q$7+K14*$Q$8),1.055*((1-K14)*$Q$7+K14*$Q$8)^(1/2.4)-0.055) | R14: =0.2126*IF(L14/255<=0.04045,L14/255/12.92,((L14/255+0.055)/1.055)^2.4)+0.7152*IF(M14/255<=0.04045,M14/255/12.92,((M14/255+0.055)/1.055)^2.4)+0.0722*IF(N14/255<=0.04045,N14/255/12.92,((N14/255+0.055)/1.055)^2.4) | S14: =0.2126*IF(O14/255<=0.04045,O14/255/12.92,((O14/255+0.055)/1.055)^2.4)+0.7152*IF(P14/255<=0.04045,P14/255/12.92,((P14/255+0.055)/1.055)^2.4)+0.0722*IF(Q14/255<=0.04045,Q14/255/12.92,((Q14/255+0.055)/1.055)^2.4)
A15: sample | B15: px | C15: py | D15: w0 | E15: w1 | F15: w2 | G15: sum | H15: inside | K15: sRGB decode: c <= 0.04045 ? c/12.92 : ((c+0.055)/1.055)^2.4; encode = srgbEncode (ExplorerMath).
A16: centroid | B16: 240 | C16: 210 | D16: =(($B$9-$B$8)*(C16-$C$8)-($C$9-$C$8)*(B16-$B$8))/$B$12 | E16: =(($B$7-$B$9)*(C16-$C$9)-($C$7-$C$9)*(B16-$B$9))/$B$12 | F16: =(($B$8-$B$7)*(C16-$C$7)-($C$8-$C$7)*(B16-$B$7))/$B$12 | G16: =D16+E16+F16 | H16: =IF(AND(D16>=0,E16>=0,F16>=0),"yes","no") | K16: Y = relative luminance (Rec. 709). The naive mid-point is darker than the light-correct one.
A17: near V1 | B17: 360 | C17: 160 | D17: =(($B$9-$B$8)*(C17-$C$8)-($C$9-$C$8)*(B17-$B$8))/$B$12 | E17: =(($B$7-$B$9)*(C17-$C$9)-($C$7-$C$9)*(B17-$B$9))/$B$12 | F17: =(($B$8-$B$7)*(C17-$C$7)-($C$8-$C$7)*(B17-$B$7))/$B$12 | G17: =D17+E17+F17 | H17: =IF(AND(D17>=0,E17>=0,F17>=0),"yes","no")
A18: edge V0-V2 mid | B18: 160 | C18: 240 | D18: =(($B$9-$B$8)*(C18-$C$8)-($C$9-$C$8)*(B18-$B$8))/$B$12 | E18: =(($B$7-$B$9)*(C18-$C$9)-($C$7-$C$9)*(B18-$B$9))/$B$12 | F18: =(($B$8-$B$7)*(C18-$C$7)-($C$8-$C$7)*(B18-$B$7))/$B$12 | G18: =D18+E18+F18 | H18: =IF(AND(D18>=0,E18>=0,F18>=0),"yes","no") | K18: F. Sky zenith colour over the day (solar model formulas; sky colour from the export) | R18: phi, delta: | S18: 22.8 | T18: -4.6
A19: centre-left | B19: 200 | C19: 180 | D19: =(($B$9-$B$8)*(C19-$C$8)-($C$9-$C$8)*(B19-$B$8))/$B$12 | E19: =(($B$7-$B$9)*(C19-$C$9)-($C$7-$C$9)*(B19-$B$9))/$B$12 | F19: =(($B$8-$B$7)*(C19-$C$7)-($C$8-$C$7)*(B19-$B$7))/$B$12 | G19: =D19+E19+F19 | H19: =IF(AND(D19>=0,E19>=0,F19>=0),"yes","no") | K19: hour | L19: e formula (deg) | M19: e export (deg) | N19: diff | O19: daylight w | P19: phase (no hysteresis) | Q19: zenith R | R19: zenith G | S19: zenith B | T19: Y zenith | U19: phase export
A20: outside | B20: 420 | C20: 330 | D20: =(($B$9-$B$8)*(C20-$C$8)-($C$9-$C$8)*(B20-$B$8))/$B$12 | E20: =(($B$7-$B$9)*(C20-$C$9)-($C$7-$C$9)*(B20-$B$9))/$B$12 | F20: =(($B$8-$B$7)*(C20-$C$7)-($C$8-$C$7)*(B20-$B$7))/$B$12 | G20: =D20+E20+F20 | H20: =IF(AND(D20>=0,E20>=0,F20>=0),"yes","no") | K20: 0 | L20: =DEGREES(ASIN(SIN(RADIANS($S$18))*SIN(RADIANS($T$18))+COS(RADIANS($S$18))*COS(RADIANS($T$18))*COS(RADIANS(15*(K20-12))))) | M20: -71.8 | N20: =L20-M20 | O20: =(MIN(MAX((L20-(-8))/((6)-(-8)),0),1)^2*(3-2*MIN(MAX((L20-(-8))/((6)-(-8)),0),1))) | P20: =IF(L20<-6,"NIGHT",IF(L20>4,"DAY",IF(K20<12,"DAWN","DUSK"))) | Q20: 0.03 | R20: 0.04 | S20: 0.075 | T20: =0.2126*Q20+0.7152*R20+0.0722*S20 | U20: NIGHT
K21: 4 | L21: =DEGREES(ASIN(SIN(RADIANS($S$18))*SIN(RADIANS($T$18))+COS(RADIANS($S$18))*COS(RADIANS($T$18))*COS(RADIANS(15*(K21-12))))) | M21: -29.3751 | N21: =L21-M21 | O21: =(MIN(MAX((L21-(-8))/((6)-(-8)),0),1)^2*(3-2*MIN(MAX((L21-(-8))/((6)-(-8)),0),1))) | P21: =IF(L21<-6,"NIGHT",IF(L21>4,"DAY",IF(K21<12,"DAWN","DUSK"))) | Q21: 0.03 | R21: 0.04 | S21: 0.075 | T21: =0.2126*Q21+0.7152*R21+0.0722*S21 | U21: NIGHT
A22: C. Gouraud (interpolate vertex I) vs Phong (interpolate N, normalise, then light) | K22: 5.5 | L22: =DEGREES(ASIN(SIN(RADIANS($S$18))*SIN(RADIANS($T$18))+COS(RADIANS($S$18))*COS(RADIANS($T$18))*COS(RADIANS(15*(K22-12))))) | M22: -8.68594 | N22: =L22-M22 | O22: =(MIN(MAX((L22-(-8))/((6)-(-8)),0),1)^2*(3-2*MIN(MAX((L22-(-8))/((6)-(-8)),0),1))) | P22: =IF(L22<-6,"NIGHT",IF(L22>4,"DAY",IF(K22<12,"DAWN","DUSK"))) | Q22: 0.03 | R22: 0.04 | S22: 0.075 | T22: =0.2126*Q22+0.7152*R22+0.0722*S22 | U22: NIGHT
A23: sample | B23: I Gouraud | C23: N.x | D23: N.y | E23: N.z | F23: |N| | G23: I Phong | H23: Phong - Gouraud | K23: 6 | L23: =DEGREES(ASIN(SIN(RADIANS($S$18))*SIN(RADIANS($T$18))+COS(RADIANS($S$18))*COS(RADIANS($T$18))*COS(RADIANS(15*(K23-12))))) | M23: -1.78095 | N23: =L23-M23 | O23: =(MIN(MAX((L23-(-8))/((6)-(-8)),0),1)^2*(3-2*MIN(MAX((L23-(-8))/((6)-(-8)),0),1))) | P23: =IF(L23<-6,"NIGHT",IF(L23>4,"DAY",IF(K23<12,"DAWN","DUSK"))) | Q23: 0.06171 | R23: 0.07525 | S23: 0.1058 | T23: =0.2126*Q23+0.7152*R23+0.0722*S23 | U23: DAWN
A24: =A16 | B24: =D16*$I$7+E16*$I$8+F16*$I$9 | C24: =D16*$F$7+E16*$F$8+F16*$F$9 | D24: =D16*$G$7+E16*$G$8+F16*$G$9 | E24: =D16*$H$7+E16*$H$8+F16*$H$9 | F24: =SQRT(C24^2+D24^2+E24^2) | G24: =$B$11*MAX(0,(E24/F24))+$C$11*MAX(0,(E24/F24))^$D$11 | H24: =G24-B24 | K24: 6.5 | L24: =DEGREES(ASIN(SIN(RADIANS($S$18))*SIN(RADIANS($T$18))+COS(RADIANS($S$18))*COS(RADIANS($T$18))*COS(RADIANS(15*(K24-12))))) | M24: 5.0981 | N24: =L24-M24 | O24: =(MIN(MAX((L24-(-8))/((6)-(-8)),0),1)^2*(3-2*MIN(MAX((L24-(-8))/((6)-(-8)),0),1))) | P24: =IF(L24<-6,"NIGHT",IF(L24>4,"DAY",IF(K24<12,"DAWN","DUSK"))) | Q24: 0.1885 | R24: 0.2126 | S24: 0.2329 | T24: =0.2126*Q24+0.7152*R24+0.0722*S24 | U24: DAY
A25: =A17 | B25: =D17*$I$7+E17*$I$8+F17*$I$9 | C25: =D17*$F$7+E17*$F$8+F17*$F$9 | D25: =D17*$G$7+E17*$G$8+F17*$G$9 | E25: =D17*$H$7+E17*$H$8+F17*$H$9 | F25: =SQRT(C25^2+D25^2+E25^2) | G25: =$B$11*MAX(0,(E25/F25))+$C$11*MAX(0,(E25/F25))^$D$11 | H25: =G25-B25 | K25: 7 | L25: =DEGREES(ASIN(SIN(RADIANS($S$18))*SIN(RADIANS($T$18))+COS(RADIANS($S$18))*COS(RADIANS($T$18))*COS(RADIANS(15*(K25-12))))) | M25: 11.9319 | N25: =L25-M25 | O25: =(MIN(MAX((L25-(-8))/((6)-(-8)),0),1)^2*(3-2*MIN(MAX((L25-(-8))/((6)-(-8)),0),1))) | P25: =IF(L25<-6,"NIGHT",IF(L25>4,"DAY",IF(K25<12,"DAWN","DUSK"))) | Q25: 0.2206 | R25: 0.2653 | S25: 0.3436 | T25: =0.2126*Q25+0.7152*R25+0.0722*S25 | U25: DAY
A26: =A18 | B26: =D18*$I$7+E18*$I$8+F18*$I$9 | C26: =D18*$F$7+E18*$F$8+F18*$F$9 | D26: =D18*$G$7+E18*$G$8+F18*$G$9 | E26: =D18*$H$7+E18*$H$8+F18*$H$9 | F26: =SQRT(C26^2+D26^2+E26^2) | G26: =$B$11*MAX(0,(E26/F26))+$C$11*MAX(0,(E26/F26))^$D$11 | H26: =G26-B26 | K26: 9 | L26: =DEGREES(ASIN(SIN(RADIANS($S$18))*SIN(RADIANS($T$18))+COS(RADIANS($S$18))*COS(RADIANS($T$18))*COS(RADIANS(15*(K26-12))))) | M26: 38.2196 | N26: =L26-M26 | O26: =(MIN(MAX((L26-(-8))/((6)-(-8)),0),1)^2*(3-2*MIN(MAX((L26-(-8))/((6)-(-8)),0),1))) | P26: =IF(L26<-6,"NIGHT",IF(L26>4,"DAY",IF(K26<12,"DAWN","DUSK"))) | Q26: 0.2852 | R26: 0.4034 | S26: 0.6962 | T26: =0.2126*Q26+0.7152*R26+0.0722*S26 | U26: DAY
A27: =A19 | B27: =D19*$I$7+E19*$I$8+F19*$I$9 | C27: =D19*$F$7+E19*$F$8+F19*$F$9 | D27: =D19*$G$7+E19*$G$8+F19*$G$9 | E27: =D19*$H$7+E19*$H$8+F19*$H$9 | F27: =SQRT(C27^2+D27^2+E27^2) | G27: =$B$11*MAX(0,(E27/F27))+$C$11*MAX(0,(E27/F27))^$D$11 | H27: =G27-B27 | K27: 12 | L27: =DEGREES(ASIN(SIN(RADIANS($S$18))*SIN(RADIANS($T$18))+COS(RADIANS($S$18))*COS(RADIANS($T$18))*COS(RADIANS(15*(K27-12))))) | M27: 62.6 | N27: =L27-M27 | O27: =(MIN(MAX((L27-(-8))/((6)-(-8)),0),1)^2*(3-2*MIN(MAX((L27-(-8))/((6)-(-8)),0),1))) | P27: =IF(L27<-6,"NIGHT",IF(L27>4,"DAY",IF(K27<12,"DAWN","DUSK"))) | Q27: 0.3089 | R27: 0.4463 | S27: 0.7643 | T27: =0.2126*Q27+0.7152*R27+0.0722*S27 | U27: DAY
A28: The highlight sits inside the triangle (interpolated N close to H): Phong finds it, Gouraud misses it. | K28: 15 | L28: =DEGREES(ASIN(SIN(RADIANS($S$18))*SIN(RADIANS($T$18))+COS(RADIANS($S$18))*COS(RADIANS($T$18))*COS(RADIANS(15*(K28-12))))) | M28: 38.2196 | N28: =L28-M28 | O28: =(MIN(MAX((L28-(-8))/((6)-(-8)),0),1)^2*(3-2*MIN(MAX((L28-(-8))/((6)-(-8)),0),1))) | P28: =IF(L28<-6,"NIGHT",IF(L28>4,"DAY",IF(K28<12,"DAWN","DUSK"))) | Q28: 0.2852 | R28: 0.4034 | S28: 0.6962 | T28: =0.2126*Q28+0.7152*R28+0.0722*S28 | U28: DAY
K29: 17 | L29: =DEGREES(ASIN(SIN(RADIANS($S$18))*SIN(RADIANS($T$18))+COS(RADIANS($S$18))*COS(RADIANS($T$18))*COS(RADIANS(15*(K29-12))))) | M29: 11.9319 | N29: =L29-M29 | O29: =(MIN(MAX((L29-(-8))/((6)-(-8)),0),1)^2*(3-2*MIN(MAX((L29-(-8))/((6)-(-8)),0),1))) | P29: =IF(L29<-6,"NIGHT",IF(L29>4,"DAY",IF(K29<12,"DAWN","DUSK"))) | Q29: 0.2206 | R29: 0.2653 | S29: 0.3436 | T29: =0.2126*Q29+0.7152*R29+0.0722*S29 | U29: DAY
A30: D. Texture coordinate u: affine vs perspective-correct (clip w per vertex) | K30: 17.5 | L30: =DEGREES(ASIN(SIN(RADIANS($S$18))*SIN(RADIANS($T$18))+COS(RADIANS($S$18))*COS(RADIANS($T$18))*COS(RADIANS(15*(K30-12))))) | M30: 5.0981 | N30: =L30-M30 | O30: =(MIN(MAX((L30-(-8))/((6)-(-8)),0),1)^2*(3-2*MIN(MAX((L30-(-8))/((6)-(-8)),0),1))) | P30: =IF(L30<-6,"NIGHT",IF(L30>4,"DAY",IF(K30<12,"DAWN","DUSK"))) | Q30: 0.1885 | R30: 0.2126 | S30: 0.2329 | T30: =0.2126*Q30+0.7152*R30+0.0722*S30 | U30: DAY
A31: sample | B31: u affine | C31: u persp. | D31: error | K31: 18 | L31: =DEGREES(ASIN(SIN(RADIANS($S$18))*SIN(RADIANS($T$18))+COS(RADIANS($S$18))*COS(RADIANS($T$18))*COS(RADIANS(15*(K31-12))))) | M31: -1.78095 | N31: =L31-M31 | O31: =(MIN(MAX((L31-(-8))/((6)-(-8)),0),1)^2*(3-2*MIN(MAX((L31-(-8))/((6)-(-8)),0),1))) | P31: =IF(L31<-6,"NIGHT",IF(L31>4,"DAY",IF(K31<12,"DAWN","DUSK"))) | Q31: 0.06171 | R31: 0.07525 | S31: 0.1058 | T31: =0.2126*Q31+0.7152*R31+0.0722*S31 | U31: DUSK
A32: =A16 | B32: =D16*$E$7+E16*$E$8+F16*$E$9 | C32: =(D16*$E$7/$D$7+E16*$E$8/$D$8+F16*$E$9/$D$9)/(D16/$D$7+E16/$D$8+F16/$D$9) | D32: =B32-C32 | K32: 18.5 | L32: =DEGREES(ASIN(SIN(RADIANS($S$18))*SIN(RADIANS($T$18))+COS(RADIANS($S$18))*COS(RADIANS($T$18))*COS(RADIANS(15*(K32-12))))) | M32: -8.68594 | N32: =L32-M32 | O32: =(MIN(MAX((L32-(-8))/((6)-(-8)),0),1)^2*(3-2*MIN(MAX((L32-(-8))/((6)-(-8)),0),1))) | P32: =IF(L32<-6,"NIGHT",IF(L32>4,"DAY",IF(K32<12,"DAWN","DUSK"))) | Q32: 0.03 | R32: 0.04 | S32: 0.075 | T32: =0.2126*Q32+0.7152*R32+0.0722*S32 | U32: NIGHT
A33: =A17 | B33: =D17*$E$7+E17*$E$8+F17*$E$9 | C33: =(D17*$E$7/$D$7+E17*$E$8/$D$8+F17*$E$9/$D$9)/(D17/$D$7+E17/$D$8+F17/$D$9) | D33: =B33-C33 | K33: 20 | L33: =DEGREES(ASIN(SIN(RADIANS($S$18))*SIN(RADIANS($T$18))+COS(RADIANS($S$18))*COS(RADIANS($T$18))*COS(RADIANS(15*(K33-12))))) | M33: -29.3751 | N33: =L33-M33 | O33: =(MIN(MAX((L33-(-8))/((6)-(-8)),0),1)^2*(3-2*MIN(MAX((L33-(-8))/((6)-(-8)),0),1))) | P33: =IF(L33<-6,"NIGHT",IF(L33>4,"DAY",IF(K33<12,"DAWN","DUSK"))) | Q33: 0.03 | R33: 0.04 | S33: 0.075 | T33: =0.2126*Q33+0.7152*R33+0.0722*S33 | U33: NIGHT
A34: =A18 | B34: =D18*$E$7+E18*$E$8+F18*$E$9 | C34: =(D18*$E$7/$D$7+E18*$E$8/$D$8+F18*$E$9/$D$9)/(D18/$D$7+E18/$D$8+F18/$D$9) | D34: =B34-C34 | K34: 22 | L34: =DEGREES(ASIN(SIN(RADIANS($S$18))*SIN(RADIANS($T$18))+COS(RADIANS($S$18))*COS(RADIANS($T$18))*COS(RADIANS(15*(K34-12))))) | M34: -55.7779 | N34: =L34-M34 | O34: =(MIN(MAX((L34-(-8))/((6)-(-8)),0),1)^2*(3-2*MIN(MAX((L34-(-8))/((6)-(-8)),0),1))) | P34: =IF(L34<-6,"NIGHT",IF(L34>4,"DAY",IF(K34<12,"DAWN","DUSK"))) | Q34: 0.03 | R34: 0.04 | S34: 0.075 | T34: =0.2126*Q34+0.7152*R34+0.0722*S34 | U34: NIGHT
A35: =A19 | B35: =D19*$E$7+E19*$E$8+F19*$E$9 | C35: =(D19*$E$7/$D$7+E19*$E$8/$D$8+F19*$E$9/$D$9)/(D19/$D$7+E19/$D$8+F19/$D$9) | D35: =B35-C35 | K35: Day sky: Preetham analytic sky (math/SkyModel), blended with the night preset in log space (mixLog, weight w).
A36: Perspective-correct: interpolate u / w and 1 / w linearly in screen space, then divide. | K36: The export applies 0.25 deg hysteresis to the phase, so DAWN / DUSK can last a little longer.

Sheet Ray_Tracing
A1: Ray_Tracing: intersections, reflection, refraction, recursion (worked example)
A2: Legend: yellow = input from the code; white = formula.
A3: Source: Worked textbook example. The code: raytrace/Intersect (sphere / box / heightfield), Optics.h reflectDir, refractDir, fresnelDielectric; RayTracer.h whittedDepth = 5 (';' render modes).
A5: 1. Ray-sphere | B5: x | C5: y | D5: z | F5: 3. Snell refraction (air -> glass) | G5: x | H5: y | I5: z
A6: ray origin o | B6: 0 | C6: 2 | D6: -10 | F6: incident d (unnormalised) | G6: 0.5 | H6: -1 | I6: 0
A7: direction (unnormalised) | B7: 0.1 | C7: -0.05 | D7: 1 | F7: d = normalize | G7: =$G$6/SQRT($G$6^2+$H$6^2+$I$6^2) | H7: =$H$6/SQRT($G$6^2+$H$6^2+$I$6^2) | I7: =$I$6/SQRT($G$6^2+$H$6^2+$I$6^2)
A8: d = normalize | B8: =$B$7/SQRT($B$7^2+$C$7^2+$D$7^2) | C8: =$C$7/SQRT($B$7^2+$C$7^2+$D$7^2) | D8: =$D$7/SQRT($B$7^2+$C$7^2+$D$7^2) | F8: normal n (facing against d) | G8: 0 | H8: 1 | I8: 0
A9: sphere centre c | B9: 0 | C9: 1 | D9: 0 | F9: n1, n2 | G9: 1 | H9: 1.5
A10: radius r | B10: 1.5 | F10: eta = n1 / n2 | G10: =$G$9/$H$9
A11: oc = o - c | B11: =$B$6-$B$9 | C11: =$C$6-$C$9 | D11: =$D$6-$D$9 | F11: cos i = -d . n | G11: =-($G$7*$G$8+$H$7*$H$8+$I$7*$I$8)
A12: a = d . d | B12: =$B$8*$B$8+$C$8*$C$8+$D$8*$D$8 | F12: k = 1 - eta^2 (1 - cos^2 i) | G12: =1-$G$10^2*(1-$G$11^2)
A13: b = 2 d . oc | B13: =2*($B$8*$B$11+$C$8*$C$11+$D$8*$D$11) | F13: t = eta d + (eta cos i - sqrt k) n | G13: =IF($G$12<0,"TIR",$G$10*$G$7+($G$10*$G$11-SQRT($G$12))*$G$8) | H13: =IF($G$12<0,"TIR",$G$10*$H$7+($G$10*$G$11-SQRT($G$12))*$H$8) | I13: =IF($G$12<0,"TIR",$G$10*$I$7+($G$10*$G$11-SQRT($G$12))*$I$8)
A14: c' = oc . oc - r^2 | B14: =$B$11*$B$11+$C$11*$C$11+$D$11*$D$11-$B$10^2 | F14: incidence angle (deg) | G14: =DEGREES(ACOS($G$11))
A15: discriminant b^2 - 4 a c' | B15: =$B$13^2-4*$B$12*$B$14 | F15: refraction angle (deg) | G15: =DEGREES(ASIN($G$10*SIN(RADIANS($G$14))))
A16: t1 = (-b - sqrt(disc)) / 2a (near) | B16: =IF($B$15>=0,(-$B$13-SQRT($B$15))/(2*$B$12),"miss") | F16: Snell check n1 sin i - n2 sin t | G16: =$G$9*SIN(RADIANS($G$14))-$H$9*SIN(RADIANS($G$15))
A17: t2 = (-b + sqrt(disc)) / 2a (far) | B17: =IF($B$15>=0,(-$B$13+SQRT($B$15))/(2*$B$12),"miss") | F17: Fresnel R (exact, fresnelDielectric) | G17: =0.5*((($G$10*$G$11-SQRT($G$12))/($G$10*$G$11+SQRT($G$12)))^2+(($G$11-$G$10*SQRT($G$12))/($G$11+$G$10*SQRT($G$12)))^2)
A18: hit p = o + t1 d | B18: =$B$6+$B$16*$B$8 | C18: =$C$6+$B$16*$C$8 | D18: =$D$6+$B$16*$D$8 | F18: Schlick R0 = ((n1 - n2) / (n1 + n2))^2 | G18: =(($G$9-$H$9)/($G$9+$H$9))^2
A19: normal n = (p - c) / r | B19: =($B$18-$B$9)/$B$10 | C19: =($C$18-$C$9)/$B$10 | D19: =($D$18-$D$9)/$B$10
A20: d . n | B20: =$B$8*$B$19+$C$8*$C$19+$D$8*$D$19 | F20: 4. Total internal reflection (glass -> air, eta = 1.5)
A21: reflection r = d - 2 (d . n) n | B21: =$B$8-2*$B$20*$B$19 | C21: =$C$8-2*$B$20*$C$19 | D21: =$D$8-2*$B$20*$D$19 | F21: incidence angle (deg) | G21: k = 1 - eta^2 sin^2 i | H21: TIR? | I21: Fresnel R
A22: check |r| (= 1) | B22: =SQRT($B$21^2+$C$21^2+$D$21^2) | F22: critical angle asin(1/1.5) | G22: =DEGREES(ASIN($G$9/$H$9))
F23: 20 | G23: =1-($H$9/$G$9)^2*SIN(RADIANS(F23))^2 | H23: =IF(G23<0,"yes","no") | I23: =IF(G23<0,1,0.5*(((($H$9/$G$9)*COS(RADIANS(F23))-SQRT(G23))/(($H$9/$G$9)*COS(RADIANS(F23))+SQRT(G23)))^2+((COS(RADIANS(F23))-($H$9/$G$9)*SQRT(G23))/(COS(RADIANS(F23))+($H$9/$G$9)*SQRT(G23)))^2))
A24: 2. Ray-plane (ground y = 0) | B24: x | C24: y | D24: z | F24: 30 | G24: =1-($H$9/$G$9)^2*SIN(RADIANS(F24))^2 | H24: =IF(G24<0,"yes","no") | I24: =IF(G24<0,1,0.5*(((($H$9/$G$9)*COS(RADIANS(F24))-SQRT(G24))/(($H$9/$G$9)*COS(RADIANS(F24))+SQRT(G24)))^2+((COS(RADIANS(F24))-($H$9/$G$9)*SQRT(G24))/(COS(RADIANS(F24))+($H$9/$G$9)*SQRT(G24)))^2))
A25: ray origin o | B25: 0 | C25: 5 | D25: 0 | F25: 41 | G25: =1-($H$9/$G$9)^2*SIN(RADIANS(F25))^2 | H25: =IF(G25<0,"yes","no") | I25: =IF(G25<0,1,0.5*(((($H$9/$G$9)*COS(RADIANS(F25))-SQRT(G25))/(($H$9/$G$9)*COS(RADIANS(F25))+SQRT(G25)))^2+((COS(RADIANS(F25))-($H$9/$G$9)*SQRT(G25))/(COS(RADIANS(F25))+($H$9/$G$9)*SQRT(G25)))^2))
A26: direction (unnormalised) | B26: 1 | C26: -1 | D26: 0.5 | F26: 42 | G26: =1-($H$9/$G$9)^2*SIN(RADIANS(F26))^2 | H26: =IF(G26<0,"yes","no") | I26: =IF(G26<0,1,0.5*(((($H$9/$G$9)*COS(RADIANS(F26))-SQRT(G26))/(($H$9/$G$9)*COS(RADIANS(F26))+SQRT(G26)))^2+((COS(RADIANS(F26))-($H$9/$G$9)*SQRT(G26))/(COS(RADIANS(F26))+($H$9/$G$9)*SQRT(G26)))^2))
A27: d = normalize | B27: =$B$26/SQRT($B$26^2+$C$26^2+$D$26^2) | C27: =$C$26/SQRT($B$26^2+$C$26^2+$D$26^2) | D27: =$D$26/SQRT($B$26^2+$C$26^2+$D$26^2) | F27: 60 | G27: =1-($H$9/$G$9)^2*SIN(RADIANS(F27))^2 | H27: =IF(G27<0,"yes","no") | I27: =IF(G27<0,1,0.5*(((($H$9/$G$9)*COS(RADIANS(F27))-SQRT(G27))/(($H$9/$G$9)*COS(RADIANS(F27))+SQRT(G27)))^2+((COS(RADIANS(F27))-($H$9/$G$9)*SQRT(G27))/(COS(RADIANS(F27))+($H$9/$G$9)*SQRT(G27)))^2))
A28: plane normal n | B28: 0 | C28: 1 | D28: 0
A29: point on plane p0 | B29: 0 | C29: 0 | D29: 0 | F29: 5. Whitted recursion: weight of bounce k = kr^k
A30: n . d | B30: =$B$28*$B$27+$C$28*$C$27+$D$28*$D$27 | F30: reflectance kr, depth limit (whittedDepth) | G30: 0.5 | H30: 5
A31: t = n . (p0 - o) / (n . d) | B31: =IF($B$30<>0,($B$28*($B$29-$B$25)+$C$28*($C$29-$C$25)+$D$28*($D$29-$D$25))/$B$30,"parallel") | F31: bounce k | G31: kr^k | H31: cumulative | I31: share of the infinite sum
A32: hit p = o + t d | B32: =$B$25+$B$31*$B$27 | C32: =$C$25+$B$31*$C$27 | D32: =$D$25+$B$31*$D$27 | F32: 0 | G32: =IF(F32<=$H$30,$G$30^F32,0) | H32: =SUM(G32:G32) | I32: =H32*(1-$G$30)
A33: reflection r = d - 2 (d . n) n | B33: =$B$27-2*$B$30*$B$28 | C33: =$C$27-2*$B$30*$C$28 | D33: =$D$27-2*$B$30*$D$28 | F33: 1 | G33: =IF(F33<=$H$30,$G$30^F33,0) | H33: =SUM(G32:G33) | I33: =H33*(1-$G$30)
F34: 2 | G34: =IF(F34<=$H$30,$G$30^F34,0) | H34: =SUM(G32:G34) | I34: =H34*(1-$G$30)
F35: 3 | G35: =IF(F35<=$H$30,$G$30^F35,0) | H35: =SUM(G32:G35) | I35: =H35*(1-$G$30)
F36: 4 | G36: =IF(F36<=$H$30,$G$30^F36,0) | H36: =SUM(G32:G36) | I36: =H36*(1-$G$30)
F37: 5 | G37: =IF(F37<=$H$30,$G$30^F37,0) | H37: =SUM(G32:G37) | I37: =H37*(1-$G$30)
F38: 6 | G38: =IF(F38<=$H$30,$G$30^F38,0) | H38: =SUM(G32:G38) | I38: =H38*(1-$G$30)
F39: Bounces past the limit (k > 5) contribute 0; the lost share of the infinite sum is kr^6.

Sheet Thermal_Kernels
A1: Thermal_Kernels: Gaussian and Sobel kernels on a 5x5 thermal patch
A2: Legend: yellow = input from the code; white = formula.
A3: Source: math/ExplorerMath.cpp kernel(): Gaussian 5x5 = binomial [1 4 6 4 1] (x) [1 4 6 4 1] / 256 (sigma ~ 1), Sobel Gx / Gy, convolve() (correlation, kernel row 0 = row above, clamp-to-edge), applyGamma v^(1/g).
B5: sigma | C5: 1 | E5: size 5 (offsets -2..2) | J5: threshold T on |G| | M5: 2 | W5: Gamma: out = v^(1/g)
W6: v | X6: g = 0.5 | Y6: g = 1.0 | Z6: g = 2.2
B7: Gaussian exp(-(x^2+y^2)/(2 s^2)) | H7: normalised (sum = 1) | N7: code: b_y b_x / 256 | T7: binomial | W7: g: | X7: 0.5 | Y7: 1 | Z7: 2.2
B8: =EXP(-((-2)^2+(-2)^2)/(2*$C$5^2)) | C8: =EXP(-((-1)^2+(-2)^2)/(2*$C$5^2)) | D8: =EXP(-((0)^2+(-2)^2)/(2*$C$5^2)) | E8: =EXP(-((1)^2+(-2)^2)/(2*$C$5^2)) | F8: =EXP(-((2)^2+(-2)^2)/(2*$C$5^2)) | H8: =B8/SUM($B$8:$F$12) | I8: =C8/SUM($B$8:$F$12) | J8: =D8/SUM($B$8:$F$12) | K8: =E8/SUM($B$8:$F$12) | L8: =F8/SUM($B$8:$F$12) | N8: =$T$8*$T$8/256 | O8: =$T$8*$T$9/256 | P8: =$T$8*$T$10/256 | Q8: =$T$8*$T$11/256 | R8: =$T$8*$T$12/256 | T8: 1 | W8: 0 | X8: =W8^(1/$X$7) | Y8: =W8^(1/$Y$7) | Z8: =W8^(1/$Z$7)
B9: =EXP(-((-2)^2+(-1)^2)/(2*$C$5^2)) | C9: =EXP(-((-1)^2+(-1)^2)/(2*$C$5^2)) | D9: =EXP(-((0)^2+(-1)^2)/(2*$C$5^2)) | E9: =EXP(-((1)^2+(-1)^2)/(2*$C$5^2)) | F9: =EXP(-((2)^2+(-1)^2)/(2*$C$5^2)) | H9: =B9/SUM($B$8:$F$12) | I9: =C9/SUM($B$8:$F$12) | J9: =D9/SUM($B$8:$F$12) | K9: =E9/SUM($B$8:$F$12) | L9: =F9/SUM($B$8:$F$12) | N9: =$T$9*$T$8/256 | O9: =$T$9*$T$9/256 | P9: =$T$9*$T$10/256 | Q9: =$T$9*$T$11/256 | R9: =$T$9*$T$12/256 | T9: 4 | W9: 0.1 | X9: =W9^(1/$X$7) | Y9: =W9^(1/$Y$7) | Z9: =W9^(1/$Z$7)
B10: =EXP(-((-2)^2+(0)^2)/(2*$C$5^2)) | C10: =EXP(-((-1)^2+(0)^2)/(2*$C$5^2)) | D10: =EXP(-((0)^2+(0)^2)/(2*$C$5^2)) | E10: =EXP(-((1)^2+(0)^2)/(2*$C$5^2)) | F10: =EXP(-((2)^2+(0)^2)/(2*$C$5^2)) | H10: =B10/SUM($B$8:$F$12) | I10: =C10/SUM($B$8:$F$12) | J10: =D10/SUM($B$8:$F$12) | K10: =E10/SUM($B$8:$F$12) | L10: =F10/SUM($B$8:$F$12) | N10: =$T$10*$T$8/256 | O10: =$T$10*$T$9/256 | P10: =$T$10*$T$10/256 | Q10: =$T$10*$T$11/256 | R10: =$T$10*$T$12/256 | T10: 6 | W10: 0.2 | X10: =W10^(1/$X$7) | Y10: =W10^(1/$Y$7) | Z10: =W10^(1/$Z$7)
B11: =EXP(-((-2)^2+(1)^2)/(2*$C$5^2)) | C11: =EXP(-((-1)^2+(1)^2)/(2*$C$5^2)) | D11: =EXP(-((0)^2+(1)^2)/(2*$C$5^2)) | E11: =EXP(-((1)^2+(1)^2)/(2*$C$5^2)) | F11: =EXP(-((2)^2+(1)^2)/(2*$C$5^2)) | H11: =B11/SUM($B$8:$F$12) | I11: =C11/SUM($B$8:$F$12) | J11: =D11/SUM($B$8:$F$12) | K11: =E11/SUM($B$8:$F$12) | L11: =F11/SUM($B$8:$F$12) | N11: =$T$11*$T$8/256 | O11: =$T$11*$T$9/256 | P11: =$T$11*$T$10/256 | Q11: =$T$11*$T$11/256 | R11: =$T$11*$T$12/256 | T11: 4 | W11: 0.3 | X11: =W11^(1/$X$7) | Y11: =W11^(1/$Y$7) | Z11: =W11^(1/$Z$7)
B12: =EXP(-((-2)^2+(2)^2)/(2*$C$5^2)) | C12: =EXP(-((-1)^2+(2)^2)/(2*$C$5^2)) | D12: =EXP(-((0)^2+(2)^2)/(2*$C$5^2)) | E12: =EXP(-((1)^2+(2)^2)/(2*$C$5^2)) | F12: =EXP(-((2)^2+(2)^2)/(2*$C$5^2)) | H12: =B12/SUM($B$8:$F$12) | I12: =C12/SUM($B$8:$F$12) | J12: =D12/SUM($B$8:$F$12) | K12: =E12/SUM($B$8:$F$12) | L12: =F12/SUM($B$8:$F$12) | N12: =$T$12*$T$8/256 | O12: =$T$12*$T$9/256 | P12: =$T$12*$T$10/256 | Q12: =$T$12*$T$11/256 | R12: =$T$12*$T$12/256 | T12: 1 | W12: 0.4 | X12: =W12^(1/$X$7) | Y12: =W12^(1/$Y$7) | Z12: =W12^(1/$Z$7)
B13: sum | C13: =SUM(H8:L12) | H13: max |normalised - code| | L13: =MAX(ABS(H8-N8),ABS(I8-O8),ABS(J8-P8),ABS(K8-Q8),ABS(L8-R8),ABS(H9-N9),ABS(I9-O9),ABS(J9-P9),ABS(K9-Q9),ABS(L9-R9),ABS(H10-N10),ABS(I10-O10),ABS(J10-P10),ABS(K10-Q10),ABS(L10-R10),ABS(H11-N11),ABS(I11-O11),ABS(J11-P11),ABS(K11-Q11),ABS(L11-R11),ABS(H12-N12),ABS(I12-O12),ABS(J12-P12),ABS(K12-Q12),ABS(L12-R12)) | N13: sum | O13: =SUM(N8:R12) | W13: 0.5 | X13: =W13^(1/$X$7) | Y13: =W13^(1/$Y$7) | Z13: =W13^(1/$Z$7)
W14: 0.6 | X14: =W14^(1/$X$7) | Y14: =W14^(1/$Y$7) | Z14: =W14^(1/$Z$7)
B15: 5x5 thermal patch (worked example, 0..1) | H15: Sobel Gx | L15: Sobel Gy | P15: Gx step: patch x kernel at the centre | W15: 0.7 | X15: =W15^(1/$X$7) | Y15: =W15^(1/$Y$7) | Z15: =W15^(1/$Z$7)
B16: 0.2 | C16: 0.22 | D16: 0.25 | E16: 0.3 | F16: 0.32 | H16: -1 | I16: 0 | J16: 1 | L16: -1 | M16: -2 | N16: -1 | P16: =C17*H16 | Q16: =D17*I16 | R16: =E17*J16 | W16: 0.8 | X16: =W16^(1/$X$7) | Y16: =W16^(1/$Y$7) | Z16: =W16^(1/$Z$7)
B17: 0.21 | C17: 0.24 | D17: 0.6 | E17: 0.65 | F17: 0.34 | H17: -2 | I17: 0 | J17: 2 | L17: 0 | M17: 0 | N17: 0 | P17: =C18*H17 | Q17: =D18*I17 | R17: =E18*J17 | W17: 0.9 | X17: =W17^(1/$X$7) | Y17: =W17^(1/$Y$7) | Z17: =W17^(1/$Z$7)
B18: 0.22 | C18: 0.3 | D18: 0.85 | E18: 0.9 | F18: 0.4 | H18: -1 | I18: 0 | J18: 1 | L18: 1 | M18: 2 | N18: 1 | P18: =C19*H18 | Q18: =D19*I18 | R18: =E19*J18 | W18: 1 | X18: =W18^(1/$X$7) | Y18: =W18^(1/$Y$7) | Z18: =W18^(1/$Z$7)
B19: 0.2 | C19: 0.28 | D19: 0.7 | E19: 0.75 | F19: 0.36 | P19: sum | Q19: =SUM(P16:R18) | R19: SUMPRODUCT: | T19: =SUMPRODUCT(C17:E19,H16:J18)
B20: 0.19 | C20: 0.21 | D20: 0.26 | E20: 0.31 | F20: 0.3 | W20: g > 1 lifts dark tones (applyGamma).
B21: Gaussian 5x5 at the centre = SUMPRODUCT(patch, normalised kernel) | L21: =SUMPRODUCT(B16:F20,H8:L12) | N21: code kernel: | P21: =SUMPRODUCT(B16:F20,N8:R12) | R21: centre input: | T21: =D18
B23: Gx (3x3 valid output) | F23: Gy (3x3 valid output) | J23: |G| = sqrt(Gx^2 + Gy^2) | N23: edge = |G| >= T
B24: =SUMPRODUCT(B16:D18,H16:J18) | C24: =SUMPRODUCT(C16:E18,H16:J18) | D24: =SUMPRODUCT(D16:F18,H16:J18) | F24: =SUMPRODUCT(B16:D18,L16:N18) | G24: =SUMPRODUCT(C16:E18,L16:N18) | H24: =SUMPRODUCT(D16:F18,L16:N18) | J24: =SQRT(B24^2+F24^2) | K24: =SQRT(C24^2+G24^2) | L24: =SQRT(D24^2+H24^2) | N24: =IF(J24>=$M$5,1,0) | O24: =IF(K24>=$M$5,1,0) | P24: =IF(L24>=$M$5,1,0)
B25: =SUMPRODUCT(B17:D19,H16:J18) | C25: =SUMPRODUCT(C17:E19,H16:J18) | D25: =SUMPRODUCT(D17:F19,H16:J18) | F25: =SUMPRODUCT(B17:D19,L16:N18) | G25: =SUMPRODUCT(C17:E19,L16:N18) | H25: =SUMPRODUCT(D17:F19,L16:N18) | J25: =SQRT(B25^2+F25^2) | K25: =SQRT(C25^2+G25^2) | L25: =SQRT(D25^2+H25^2) | N25: =IF(J25>=$M$5,1,0) | O25: =IF(K25>=$M$5,1,0) | P25: =IF(L25>=$M$5,1,0)
B26: =SUMPRODUCT(B18:D20,H16:J18) | C26: =SUMPRODUCT(C18:E20,H16:J18) | D26: =SUMPRODUCT(D18:F20,H16:J18) | F26: =SUMPRODUCT(B18:D20,L16:N18) | G26: =SUMPRODUCT(C18:E20,L16:N18) | H26: =SUMPRODUCT(D18:F20,L16:N18) | J26: =SQRT(B26^2+F26^2) | K26: =SQRT(C26^2+G26^2) | L26: =SQRT(D26^2+H26^2) | N26: =IF(J26>=$M$5,1,0) | O26: =IF(K26>=$M$5,1,0) | P26: =IF(L26>=$M$5,1,0)
B27: Valid region: output (i, j) uses patch rows i..i+2, cols j..j+2 (the code clamps at the border).
B28: The Frame Explorer shows Gx, Gy with bias 0.5 (zero = mid-grey); Sobel |G| uses both kernels.

Sheet Tracking
A1: Tracking: Kalman predict / gate / update, two-view triangulation, time on target
A2: Legend: yellow = input from the code; white = formula.
A3: Source: vision/MultiTracker.cpp predict, mahalanobis2, kalmanUpdate, triangulate; ai/Squad.cpp roundFlightTime, planStrike. Worked example values in yellow; q, gate, flight model from --export-docs.
A5: A. Predict: x' = F x, P' = F P F^T + Q (white-noise acceleration q)
A6: dt (s) | B6: 0.1 | C6: q (m/s2) | D6: 1.5 | E6: gate | F6: 9.21 | G6: meas. sigma (m) | I6: 0.5
A8: x = (x, z, vx, vz) | C8: F | H8: P (before) | M8: Q | R8: F P
A9: 2 | C9: 1 | D9: 0 | E9: =$B$6 | F9: 0 | H9: 0.3 | I9: 0 | J9: 0.1 | K9: 0 | M9: =$D$6^2*$B$6^4/4 | N9: 0 | O9: =$D$6^2*$B$6^3/2 | P9: 0 | R9: =C9*H9+D9*H10+E9*H11+F9*H12 | S9: =C9*I9+D9*I10+E9*I11+F9*I12 | T9: =C9*J9+D9*J10+E9*J11+F9*J12 | U9: =C9*K9+D9*K10+E9*K11+F9*K12
A10: 5 | C10: 0 | D10: 1 | E10: 0 | F10: =$B$6 | H10: 0 | I10: 0.3 | J10: 0 | K10: 0.1 | M10: 0 | N10: =$D$6^2*$B$6^4/4 | O10: 0 | P10: =$D$6^2*$B$6^3/2 | R10: =C10*H9+D10*H10+E10*H11+F10*H12 | S10: =C10*I9+D10*I10+E10*I11+F10*I12 | T10: =C10*J9+D10*J10+E10*J11+F10*J12 | U10: =C10*K9+D10*K10+E10*K11+F10*K12
A11: 1.2 | C11: 0 | D11: 0 | E11: 1 | F11: 0 | H11: 0.1 | I11: 0 | J11: 0.5 | K11: 0 | M11: =$D$6^2*$B$6^3/2 | N11: 0 | O11: =$D$6^2*$B$6^2 | P11: 0 | R11: =C11*H9+D11*H10+E11*H11+F11*H12 | S11: =C11*I9+D11*I10+E11*I11+F11*I12 | T11: =C11*J9+D11*J10+E11*J11+F11*J12 | U11: =C11*K9+D11*K10+E11*K11+F11*K12
A12: -0.4 | C12: 0 | D12: 0 | E12: 0 | F12: 1 | H12: 0 | I12: 0.1 | J12: 0 | K12: 0.5 | M12: 0 | N12: =$D$6^2*$B$6^3/2 | O12: 0 | P12: =$D$6^2*$B$6^2 | R12: =C12*H9+D12*H10+E12*H11+F12*H12 | S12: =C12*I9+D12*I10+E12*I11+F12*I12 | T12: =C12*J9+D12*J10+E12*J11+F12*J12 | U12: =C12*K9+D12*K10+E12*K11+F12*K12
A14: x' = F x | C14: P' = F P F^T + Q
A15: =C9*$A$9+D9*$A$10+E9*$A$11+F9*$A$12 | C15: =R9*C9+S9*D9+T9*E9+U9*F9+M9 | D15: =R9*C10+S9*D10+T9*E10+U9*F10+N9 | E15: =R9*C11+S9*D11+T9*E11+U9*F11+O9 | F15: =R9*C12+S9*D12+T9*E12+U9*F12+P9
A16: =C10*$A$9+D10*$A$10+E10*$A$11+F10*$A$12 | C16: =R10*C9+S10*D9+T10*E9+U10*F9+M10 | D16: =R10*C10+S10*D10+T10*E10+U10*F10+N10 | E16: =R10*C11+S10*D11+T10*E11+U10*F11+O10 | F16: =R10*C12+S10*D12+T10*E12+U10*F12+P10
A17: =C11*$A$9+D11*$A$10+E11*$A$11+F11*$A$12 | C17: =R11*C9+S11*D9+T11*E9+U11*F9+M11 | D17: =R11*C10+S11*D10+T11*E10+U11*F10+N11 | E17: =R11*C11+S11*D11+T11*E11+U11*F11+O11 | F17: =R11*C12+S11*D12+T11*E12+U11*F12+P11
A18: =C12*$A$9+D12*$A$10+E12*$A$11+F12*$A$12 | C18: =R12*C9+S12*D9+T12*E9+U12*F9+M12 | D18: =R12*C10+S12*D10+T12*E10+U12*F10+N12 | E18: =R12*C11+S12*D11+T12*E11+U12*F11+O12 | F18: =R12*C12+S12*D12+T12*E12+U12*F12+P12
A20: B. Gate and update with a measurement m (ground point) | M20: D. Time on target (roundFlightTime, planStrike)
A21: m = (x, z) | B21: 2.5 | C21: 4.6 | M21: v0 | N21: accel | O21: ramp (s) | P21: cruise | Q21: fuse (m)
A22: innovation nu | B22: =B21-A15 | C22: =C21-A16 | M22: 8 | N22: 130 | O22: 0.4 | P22: 60 | Q22: 0.5
A23: S = H P' H^T + sigma^2 I | D23: S^-1 | G23: K = P' H^T S^-1 (4x2) | J23: x_new = x' + K nu | M23: UAV | N23: distance | O23: d - fuse | P23: ramp dist | Q23: T (s) | R23: launch +s
A24: =C15+$I$6^2 | B24: =D15 | D24: =B25/(A24*B25-B24*A25) | E24: =-B24/(A24*B25-B24*A25) | G24: =C15*D24+D15*D25 | H24: =C15*E24+D15*E25 | J24: =A15+G24*B22+H24*C22 | M24: 1 | N24: 18 | O24: =MAX(0,N24-$Q$22) | P24: =0.5*($M$22+$P$22)*$O$22 | Q24: =IF(O24<=P24,(-$M$22+SQRT($M$22^2+2*$N$22*O24))/$N$22,$O$22+(O24-P24)/$P$22) | R24: =MAX(Q24,Q25)-Q24
A25: =C16 | B25: =D16+$I$6^2 | D25: =-A25/(A24*B25-B24*A25) | E25: =A24/(A24*B25-B24*A25) | G25: =C16*D24+D16*D25 | H25: =C16*E24+D16*E25 | J25: =A16+G25*B22+H25*C22 | M25: 2 | N25: 9 | O25: =MAX(0,N25-$Q$22) | P25: =0.5*($M$22+$P$22)*$O$22 | Q25: =IF(O25<=P25,(-$M$22+SQRT($M$22^2+2*$N$22*O25))/$N$22,$O$22+(O25-P25)/$P$22) | R25: =MAX(Q24,Q25)-Q25
G26: =C17*D24+D17*D25 | H26: =C17*E24+D17*E25 | J26: =A17+G26*B22+H26*C22 | M26: both rounds arrive together: launch delay = T_far - T_k
A27: d^2 = nu^T S^-1 nu | C27: =B22*(D24*B22+E24*C22)+C22*(D25*B22+E25*C22) | D27: =IF(C27<$F$6,"inside gate","rejected") | G27: =C18*D24+D18*D25 | H27: =C18*E24+D18*E25 | J27: =A18+G27*B22+H27*C22
A30: C. Two-view triangulation: minimise |o1 + s d1 - (o2 + t d2)|
B31: x | C31: y | D31: z
A32: o1 (UAV 1) | B32: -6 | C32: 8 | D32: 0
A33: d1 | B33: 0.55 | C33: -0.7 | D33: 0.15
A34: o2 (UAV 2) | B34: 7 | C34: 9 | D34: 5
A35: d2 | B35: -0.5 | C35: -0.65 | D35: -0.32
A36: a = d1.d1 | B36: =($B$33*$B$33+$C$33*$C$33+$D$33*$D$33) | C36: b = d1.d2 | D36: =($B$33*$B$35+$C$33*$C$35+$D$33*$D$35) | E36: c = d2.d2 | F36: =($B$35*$B$35+$C$35*$C$35+$D$35*$D$35) | G36: d = d1.w | H36: =($B$33*($B$32-$B$34)+$C$33*($C$32-$C$34)+$D$33*($D$32-$D$34)) | I36: e = d2.w | J36: =($B$35*($B$32-$B$34)+$C$35*($C$32-$C$34)+$D$35*($D$32-$D$34))
A37: s | B37: =($D$36*$J$36-$F$36*$H$36)/($B$36*$F$36-$D$36^2) | C37: t | D37: =($B$36*$J$36-$D$36*$H$36)/($B$36*$F$36-$D$36^2)
B38: x | C38: y | D38: z
A39: p1 = o1 + s d1 | B39: =$B$32+$B$37*$B$33 | C39: =$C$32+$B$37*$C$33 | D39: =$D$32+$B$37*$D$33
A40: p2 = o2 + t d2 | B40: =$B$34+$D$37*$B$35 | C40: =$C$34+$D$37*$C$35 | D40: =$D$34+$D$37*$D$35
A41: midpoint | B41: =(B39+B40)/2 | C41: =(C39+C40)/2 | D41: =(D39+D40)/2
A42: residual |p1-p2| | B42: =SQRT((B39-B40)^2+(C39-C40)^2+(D39-D40)^2)

Sheet Line_Follower
A1: Line_Follower: IR sensor array, PD steering, differential drive (one tick)
A2: Legend: yellow = input from the code; white = formula.
A3: Source: ai/HideController.cpp followLine (kSensorForward, kSensorSpacing, kLineHalfWidth, kKp, kKd, kMaxSpeed); objects/Rover.h kRoverTrackWidth. Line offset, previous error and dt are worked-example inputs.
B5: spacing (m) | C5: half width | D5: err scale | E5: Kp | F5: Kd | G5: v max | H5: slow-down | I5: omega max | J5: track w | K5: line offset | L5: prev e | M5: dt (s)
A6: inputs | B6: 0.06 | C6: 0.05 | D6: 0.12 | E6: 3.2 | F6: 0.25 | G6: 0.75 | H6: 0.6 | I6: 2.5 | J6: 0.5 | K6: 0.07 | L6: 0.45 | M6: 0.016666667
A8: A. Sensors: lateral offset x_i = -2 spacing + i spacing (left > 0); on the line if |x_i - line| < half width
A9: sensor i | B9: x_i (m) | C9: |x_i - line| | D9: on line
A10: 0 | B10: =-2*$B$6+A10*$B$6 | C10: =ABS(B10-$K$6) | D10: =IF(C10<$C$6,1,0)
A11: 1 | B11: =-2*$B$6+A11*$B$6 | C11: =ABS(B11-$K$6) | D11: =IF(C11<$C$6,1,0)
A12: 2 | B12: =-2*$B$6+A12*$B$6 | C12: =ABS(B12-$K$6) | D12: =IF(C12<$C$6,1,0)
A13: 3 | B13: =-2*$B$6+A13*$B$6 | C13: =ABS(B13-$K$6) | D13: =IF(C13<$C$6,1,0)
A14: 4 | B14: =-2*$B$6+A14*$B$6 | C14: =ABS(B14-$K$6) | D14: =IF(C14<$C$6,1,0)
A16: B. PD steering and wheel speeds
A17: active sensors | B17: =SUM(D10:D14)
A18: error e | B18: =IF(B17>0,SUMPRODUCT(B10:B14,D10:D14)/B17/$D$6,1)
A19: de/dt | B19: =(B18-$L$6)/$M$6
A20: omega (rad/s) | B20: =MAX(-$I$6,MIN($I$6,$E$6*B18+$F$6*B19))
A21: speed v (m/s) | B21: =$G$6*(1-$H$6*ABS(B18))
A22: left wheel | B22: =B21-B20*$J$6/2
A23: right wheel | B23: =B21+B20*$J$6/2
A24: turn | B24: =IF(B20>0,"left",IF(B20<0,"right","straight"))
A26: Rate limits (kWheelAccel) and the line-lost search are not modelled here; see followLine.

Sheet Explosion
A1: Explosion: colour from temperature, particle motion, debris bounce
A2: Legend: yellow = input from the code; white = formula.
A3: Source: rendering/Effects.cpp bb(T), fire / spark colour; scene/Combat.cpp updateParticles (spark integrator); scene/Scene.cpp updateDebris (restitution). Yellow = constants copied from the code.
A5: inputs
B6: bb R exp | C6: bb G exp | D6: bb B gain | E6: bb B exp | F6: fire life exp | G6: emit a | H6: emit b | I6: spark cool
B7: 0.45 | C7: 1.9 | D7: 0.85 | E7: 4.5 | F7: 0.6 | G7: 0.5 | H7: 5 | I7: 0.9
A9: A. Blackbody ramp bb(T) = (T^a, T^b, k T^c) and fire emission bb(T)(a' + b' T^2) | J9: B. A flame core and a spark over their lives (t = age / life)
A10: T | B10: R | C10: G | D10: B | E10: a'+b'T^2 | F10: R emit | G10: G emit | H10: B emit | J10: t | K10: fire T | L10: R | M10: G | N10: B | O10: spark Tn | P10: bb arg | Q10: R | R10: G | S10: B
A11: 0 | B11: =A11^$B$7 | C11: =A11^$C$7 | D11: =$D$7*A11^$E$7 | E11: =$G$7+$H$7*A11^2 | F11: =B11*E11 | G11: =C11*E11 | H11: =D11*E11 | J11: 0 | K11: =(1-J11)^$F$7 | L11: =K11^$B$7 | M11: =K11^$C$7 | N11: =$D$7*K11^$E$7 | O11: =MAX(0,MIN(1,1-J11*$I$7)) | P11: =0.1+0.9*O11 | Q11: =P11^$B$7 | R11: =P11^$C$7 | S11: =$D$7*P11^$E$7
A12: 0.1 | B12: =A12^$B$7 | C12: =A12^$C$7 | D12: =$D$7*A12^$E$7 | E12: =$G$7+$H$7*A12^2 | F12: =B12*E12 | G12: =C12*E12 | H12: =D12*E12 | J12: 0.1 | K12: =(1-J12)^$F$7 | L12: =K12^$B$7 | M12: =K12^$C$7 | N12: =$D$7*K12^$E$7 | O12: =MAX(0,MIN(1,1-J12*$I$7)) | P12: =0.1+0.9*O12 | Q12: =P12^$B$7 | R12: =P12^$C$7 | S12: =$D$7*P12^$E$7
A13: 0.2 | B13: =A13^$B$7 | C13: =A13^$C$7 | D13: =$D$7*A13^$E$7 | E13: =$G$7+$H$7*A13^2 | F13: =B13*E13 | G13: =C13*E13 | H13: =D13*E13 | J13: 0.2 | K13: =(1-J13)^$F$7 | L13: =K13^$B$7 | M13: =K13^$C$7 | N13: =$D$7*K13^$E$7 | O13: =MAX(0,MIN(1,1-J13*$I$7)) | P13: =0.1+0.9*O13 | Q13: =P13^$B$7 | R13: =P13^$C$7 | S13: =$D$7*P13^$E$7
A14: 0.3 | B14: =A14^$B$7 | C14: =A14^$C$7 | D14: =$D$7*A14^$E$7 | E14: =$G$7+$H$7*A14^2 | F14: =B14*E14 | G14: =C14*E14 | H14: =D14*E14 | J14: 0.3 | K14: =(1-J14)^$F$7 | L14: =K14^$B$7 | M14: =K14^$C$7 | N14: =$D$7*K14^$E$7 | O14: =MAX(0,MIN(1,1-J14*$I$7)) | P14: =0.1+0.9*O14 | Q14: =P14^$B$7 | R14: =P14^$C$7 | S14: =$D$7*P14^$E$7
A15: 0.4 | B15: =A15^$B$7 | C15: =A15^$C$7 | D15: =$D$7*A15^$E$7 | E15: =$G$7+$H$7*A15^2 | F15: =B15*E15 | G15: =C15*E15 | H15: =D15*E15 | J15: 0.4 | K15: =(1-J15)^$F$7 | L15: =K15^$B$7 | M15: =K15^$C$7 | N15: =$D$7*K15^$E$7 | O15: =MAX(0,MIN(1,1-J15*$I$7)) | P15: =0.1+0.9*O15 | Q15: =P15^$B$7 | R15: =P15^$C$7 | S15: =$D$7*P15^$E$7
A16: 0.5 | B16: =A16^$B$7 | C16: =A16^$C$7 | D16: =$D$7*A16^$E$7 | E16: =$G$7+$H$7*A16^2 | F16: =B16*E16 | G16: =C16*E16 | H16: =D16*E16 | J16: 0.5 | K16: =(1-J16)^$F$7 | L16: =K16^$B$7 | M16: =K16^$C$7 | N16: =$D$7*K16^$E$7 | O16: =MAX(0,MIN(1,1-J16*$I$7)) | P16: =0.1+0.9*O16 | Q16: =P16^$B$7 | R16: =P16^$C$7 | S16: =$D$7*P16^$E$7
A17: 0.6 | B17: =A17^$B$7 | C17: =A17^$C$7 | D17: =$D$7*A17^$E$7 | E17: =$G$7+$H$7*A17^2 | F17: =B17*E17 | G17: =C17*E17 | H17: =D17*E17 | J17: 0.6 | K17: =(1-J17)^$F$7 | L17: =K17^$B$7 | M17: =K17^$C$7 | N17: =$D$7*K17^$E$7 | O17: =MAX(0,MIN(1,1-J17*$I$7)) | P17: =0.1+0.9*O17 | Q17: =P17^$B$7 | R17: =P17^$C$7 | S17: =$D$7*P17^$E$7
A18: 0.7 | B18: =A18^$B$7 | C18: =A18^$C$7 | D18: =$D$7*A18^$E$7 | E18: =$G$7+$H$7*A18^2 | F18: =B18*E18 | G18: =C18*E18 | H18: =D18*E18 | J18: 0.7 | K18: =(1-J18)^$F$7 | L18: =K18^$B$7 | M18: =K18^$C$7 | N18: =$D$7*K18^$E$7 | O18: =MAX(0,MIN(1,1-J18*$I$7)) | P18: =0.1+0.9*O18 | Q18: =P18^$B$7 | R18: =P18^$C$7 | S18: =$D$7*P18^$E$7
A19: 0.8 | B19: =A19^$B$7 | C19: =A19^$C$7 | D19: =$D$7*A19^$E$7 | E19: =$G$7+$H$7*A19^2 | F19: =B19*E19 | G19: =C19*E19 | H19: =D19*E19 | J19: 0.8 | K19: =(1-J19)^$F$7 | L19: =K19^$B$7 | M19: =K19^$C$7 | N19: =$D$7*K19^$E$7 | O19: =MAX(0,MIN(1,1-J19*$I$7)) | P19: =0.1+0.9*O19 | Q19: =P19^$B$7 | R19: =P19^$C$7 | S19: =$D$7*P19^$E$7
A20: 0.9 | B20: =A20^$B$7 | C20: =A20^$C$7 | D20: =$D$7*A20^$E$7 | E20: =$G$7+$H$7*A20^2 | F20: =B20*E20 | G20: =C20*E20 | H20: =D20*E20 | J20: 0.9 | K20: =(1-J20)^$F$7 | L20: =K20^$B$7 | M20: =K20^$C$7 | N20: =$D$7*K20^$E$7 | O20: =MAX(0,MIN(1,1-J20*$I$7)) | P20: =0.1+0.9*O20 | Q20: =P20^$B$7 | R20: =P20^$C$7 | S20: =$D$7*P20^$E$7
A21: 1 | B21: =A21^$B$7 | C21: =A21^$C$7 | D21: =$D$7*A21^$E$7 | E21: =$G$7+$H$7*A21^2 | F21: =B21*E21 | G21: =C21*E21 | H21: =D21*E21 | J21: 1 | K21: =(1-J21)^$F$7 | L21: =K21^$B$7 | M21: =K21^$C$7 | N21: =$D$7*K21^$E$7 | O21: =MAX(0,MIN(1,1-J21*$I$7)) | P21: =0.1+0.9*O21 | Q21: =P21^$B$7 | R21: =P21^$C$7 | S21: =$D$7*P21^$E$7
A24: C. One spark, step by step: v_y -= g dt; v *= exp(-k dt); p += v dt; below ground: v_y = -e v_y, v_x *= f | J24: D. Debris bounces (restitution e, no drag): apex = v^2 / 2g, flight = 2v / g
B25: g | C25: drag k | D25: bounce e | E25: keep f | F25: dt (s) | G25: v_x0 | H25: v_y0 | I25: y0 | J25: e | K25: v0 (m/s) | L25: rest below | M25: g
A26: inputs | B26: 9.81 | C26: 0.4 | D26: 0.25 | E26: 0.6 | F26: 0.05 | G26: 11 | H26: 6 | I26: 1 | J26: 0.3 | K26: 5 | L26: 0.25 | M26: 9.81
A27: step | B27: t (s) | C27: x | D27: y | E27: v_x | F27: v_y | J27: bounce n | K27: v_n (m/s) | L27: apex (m) | M27: flight (s) | N27: moving?
A28: 0 | B28: 0 | C28: 0 | D28: =$I$26 | E28: =$G$26 | F28: =$H$26 | J28: 0 | K28: =$K$26*$J$26^J28 | L28: =K28^2/(2*$M$26) | M28: =2*K28/$M$26 | N28: =IF(K28>=$L$26,"yes","rest")
A29: 1 | B29: =B28+$F$26 | C29: =C28+E28*EXP(-$C$26*$F$26)*$F$26 | D29: =MAX(0.02,(D28+(F28-$B$26*$F$26)*EXP(-$C$26*$F$26)*$F$26)) | E29: =IF((D28+(F28-$B$26*$F$26)*EXP(-$C$26*$F$26)*$F$26)<0.02,E28*EXP(-$C$26*$F$26)*$E$26,E28*EXP(-$C$26*$F$26)) | F29: =IF((D28+(F28-$B$26*$F$26)*EXP(-$C$26*$F$26)*$F$26)<0.02,-(F28-$B$26*$F$26)*EXP(-$C$26*$F$26)*$D$26,(F28-$B$26*$F$26)*EXP(-$C$26*$F$26)) | J29: 1 | K29: =$K$26*$J$26^J29 | L29: =K29^2/(2*$M$26) | M29: =2*K29/$M$26 | N29: =IF(K29>=$L$26,"yes","rest")
A30: 2 | B30: =B29+$F$26 | C30: =C29+E29*EXP(-$C$26*$F$26)*$F$26 | D30: =MAX(0.02,(D29+(F29-$B$26*$F$26)*EXP(-$C$26*$F$26)*$F$26)) | E30: =IF((D29+(F29-$B$26*$F$26)*EXP(-$C$26*$F$26)*$F$26)<0.02,E29*EXP(-$C$26*$F$26)*$E$26,E29*EXP(-$C$26*$F$26)) | F30: =IF((D29+(F29-$B$26*$F$26)*EXP(-$C$26*$F$26)*$F$26)<0.02,-(F29-$B$26*$F$26)*EXP(-$C$26*$F$26)*$D$26,(F29-$B$26*$F$26)*EXP(-$C$26*$F$26)) | J30: 2 | K30: =$K$26*$J$26^J30 | L30: =K30^2/(2*$M$26) | M30: =2*K30/$M$26 | N30: =IF(K30>=$L$26,"yes","rest")
A31: 3 | B31: =B30+$F$26 | C31: =C30+E30*EXP(-$C$26*$F$26)*$F$26 | D31: =MAX(0.02,(D30+(F30-$B$26*$F$26)*EXP(-$C$26*$F$26)*$F$26)) | E31: =IF((D30+(F30-$B$26*$F$26)*EXP(-$C$26*$F$26)*$F$26)<0.02,E30*EXP(-$C$26*$F$26)*$E$26,E30*EXP(-$C$26*$F$26)) | F31: =IF((D30+(F30-$B$26*$F$26)*EXP(-$C$26*$F$26)*$F$26)<0.02,-(F30-$B$26*$F$26)*EXP(-$C$26*$F$26)*$D$26,(F30-$B$26*$F$26)*EXP(-$C$26*$F$26)) | J31: 3 | K31: =$K$26*$J$26^J31 | L31: =K31^2/(2*$M$26) | M31: =2*K31/$M$26 | N31: =IF(K31>=$L$26,"yes","rest")
A32: 4 | B32: =B31+$F$26 | C32: =C31+E31*EXP(-$C$26*$F$26)*$F$26 | D32: =MAX(0.02,(D31+(F31-$B$26*$F$26)*EXP(-$C$26*$F$26)*$F$26)) | E32: =IF((D31+(F31-$B$26*$F$26)*EXP(-$C$26*$F$26)*$F$26)<0.02,E31*EXP(-$C$26*$F$26)*$E$26,E31*EXP(-$C$26*$F$26)) | F32: =IF((D31+(F31-$B$26*$F$26)*EXP(-$C$26*$F$26)*$F$26)<0.02,-(F31-$B$26*$F$26)*EXP(-$C$26*$F$26)*$D$26,(F31-$B$26*$F$26)*EXP(-$C$26*$F$26)) | J32: 4 | K32: =$K$26*$J$26^J32 | L32: =K32^2/(2*$M$26) | M32: =2*K32/$M$26 | N32: =IF(K32>=$L$26,"yes","rest")
A33: 5 | B33: =B32+$F$26 | C33: =C32+E32*EXP(-$C$26*$F$26)*$F$26 | D33: =MAX(0.02,(D32+(F32-$B$26*$F$26)*EXP(-$C$26*$F$26)*$F$26)) | E33: =IF((D32+(F32-$B$26*$F$26)*EXP(-$C$26*$F$26)*$F$26)<0.02,E32*EXP(-$C$26*$F$26)*$E$26,E32*EXP(-$C$26*$F$26)) | F33: =IF((D32+(F32-$B$26*$F$26)*EXP(-$C$26*$F$26)*$F$26)<0.02,-(F32-$B$26*$F$26)*EXP(-$C$26*$F$26)*$D$26,(F32-$B$26*$F$26)*EXP(-$C$26*$F$26)) | J33: 5 | K33: =$K$26*$J$26^J33 | L33: =K33^2/(2*$M$26) | M33: =2*K33/$M$26 | N33: =IF(K33>=$L$26,"yes","rest")
A34: 6 | B34: =B33+$F$26 | C34: =C33+E33*EXP(-$C$26*$F$26)*$F$26 | D34: =MAX(0.02,(D33+(F33-$B$26*$F$26)*EXP(-$C$26*$F$26)*$F$26)) | E34: =IF((D33+(F33-$B$26*$F$26)*EXP(-$C$26*$F$26)*$F$26)<0.02,E33*EXP(-$C$26*$F$26)*$E$26,E33*EXP(-$C$26*$F$26)) | F34: =IF((D33+(F33-$B$26*$F$26)*EXP(-$C$26*$F$26)*$F$26)<0.02,-(F33-$B$26*$F$26)*EXP(-$C$26*$F$26)*$D$26,(F33-$B$26*$F$26)*EXP(-$C$26*$F$26))
A35: 7 | B35: =B34+$F$26 | C35: =C34+E34*EXP(-$C$26*$F$26)*$F$26 | D35: =MAX(0.02,(D34+(F34-$B$26*$F$26)*EXP(-$C$26*$F$26)*$F$26)) | E35: =IF((D34+(F34-$B$26*$F$26)*EXP(-$C$26*$F$26)*$F$26)<0.02,E34*EXP(-$C$26*$F$26)*$E$26,E34*EXP(-$C$26*$F$26)) | F35: =IF((D34+(F34-$B$26*$F$26)*EXP(-$C$26*$F$26)*$F$26)<0.02,-(F34-$B$26*$F$26)*EXP(-$C$26*$F$26)*$D$26,(F34-$B$26*$F$26)*EXP(-$C$26*$F$26)) | J35: total time | M35: =SUMIF(N28:N33,"yes",M28:M33)
A36: 8 | B36: =B35+$F$26 | C36: =C35+E35*EXP(-$C$26*$F$26)*$F$26 | D36: =MAX(0.02,(D35+(F35-$B$26*$F$26)*EXP(-$C$26*$F$26)*$F$26)) | E36: =IF((D35+(F35-$B$26*$F$26)*EXP(-$C$26*$F$26)*$F$26)<0.02,E35*EXP(-$C$26*$F$26)*$E$26,E35*EXP(-$C$26*$F$26)) | F36: =IF((D35+(F35-$B$26*$F$26)*EXP(-$C$26*$F$26)*$F$26)<0.02,-(F35-$B$26*$F$26)*EXP(-$C$26*$F$26)*$D$26,(F35-$B$26*$F$26)*EXP(-$C$26*$F$26))
A37: 9 | B37: =B36+$F$26 | C37: =C36+E36*EXP(-$C$26*$F$26)*$F$26 | D37: =MAX(0.02,(D36+(F36-$B$26*$F$26)*EXP(-$C$26*$F$26)*$F$26)) | E37: =IF((D36+(F36-$B$26*$F$26)*EXP(-$C$26*$F$26)*$F$26)<0.02,E36*EXP(-$C$26*$F$26)*$E$26,E36*EXP(-$C$26*$F$26)) | F37: =IF((D36+(F36-$B$26*$F$26)*EXP(-$C$26*$F$26)*$F$26)<0.02,-(F36-$B$26*$F$26)*EXP(-$C$26*$F$26)*$D$26,(F36-$B$26*$F$26)*EXP(-$C$26*$F$26))
A38: 10 | B38: =B37+$F$26 | C38: =C37+E37*EXP(-$C$26*$F$26)*$F$26 | D38: =MAX(0.02,(D37+(F37-$B$26*$F$26)*EXP(-$C$26*$F$26)*$F$26)) | E38: =IF((D37+(F37-$B$26*$F$26)*EXP(-$C$26*$F$26)*$F$26)<0.02,E37*EXP(-$C$26*$F$26)*$E$26,E37*EXP(-$C$26*$F$26)) | F38: =IF((D37+(F37-$B$26*$F$26)*EXP(-$C$26*$F$26)*$F$26)<0.02,-(F37-$B$26*$F$26)*EXP(-$C$26*$F$26)*$D$26,(F37-$B$26*$F$26)*EXP(-$C$26*$F$26))
A39: 11 | B39: =B38+$F$26 | C39: =C38+E38*EXP(-$C$26*$F$26)*$F$26 | D39: =MAX(0.02,(D38+(F38-$B$26*$F$26)*EXP(-$C$26*$F$26)*$F$26)) | E39: =IF((D38+(F38-$B$26*$F$26)*EXP(-$C$26*$F$26)*$F$26)<0.02,E38*EXP(-$C$26*$F$26)*$E$26,E38*EXP(-$C$26*$F$26)) | F39: =IF((D38+(F38-$B$26*$F$26)*EXP(-$C$26*$F$26)*$F$26)<0.02,-(F38-$B$26*$F$26)*EXP(-$C$26*$F$26)*$D$26,(F38-$B$26*$F$26)*EXP(-$C$26*$F$26))
A40: 12 | B40: =B39+$F$26 | C40: =C39+E39*EXP(-$C$26*$F$26)*$F$26 | D40: =MAX(0.02,(D39+(F39-$B$26*$F$26)*EXP(-$C$26*$F$26)*$F$26)) | E40: =IF((D39+(F39-$B$26*$F$26)*EXP(-$C$26*$F$26)*$F$26)<0.02,E39*EXP(-$C$26*$F$26)*$E$26,E39*EXP(-$C$26*$F$26)) | F40: =IF((D39+(F39-$B$26*$F$26)*EXP(-$C$26*$F$26)*$F$26)<0.02,-(F39-$B$26*$F$26)*EXP(-$C$26*$F$26)*$D$26,(F39-$B$26*$F$26)*EXP(-$C$26*$F$26))
A41: 13 | B41: =B40+$F$26 | C41: =C40+E40*EXP(-$C$26*$F$26)*$F$26 | D41: =MAX(0.02,(D40+(F40-$B$26*$F$26)*EXP(-$C$26*$F$26)*$F$26)) | E41: =IF((D40+(F40-$B$26*$F$26)*EXP(-$C$26*$F$26)*$F$26)<0.02,E40*EXP(-$C$26*$F$26)*$E$26,E40*EXP(-$C$26*$F$26)) | F41: =IF((D40+(F40-$B$26*$F$26)*EXP(-$C$26*$F$26)*$F$26)<0.02,-(F40-$B$26*$F$26)*EXP(-$C$26*$F$26)*$D$26,(F40-$B$26*$F$26)*EXP(-$C$26*$F$26))
A42: 14 | B42: =B41+$F$26 | C42: =C41+E41*EXP(-$C$26*$F$26)*$F$26 | D42: =MAX(0.02,(D41+(F41-$B$26*$F$26)*EXP(-$C$26*$F$26)*$F$26)) | E42: =IF((D41+(F41-$B$26*$F$26)*EXP(-$C$26*$F$26)*$F$26)<0.02,E41*EXP(-$C$26*$F$26)*$E$26,E41*EXP(-$C$26*$F$26)) | F42: =IF((D41+(F41-$B$26*$F$26)*EXP(-$C$26*$F$26)*$F$26)<0.02,-(F41-$B$26*$F$26)*EXP(-$C$26*$F$26)*$D$26,(F41-$B$26*$F$26)*EXP(-$C$26*$F$26))
A43: 15 | B43: =B42+$F$26 | C43: =C42+E42*EXP(-$C$26*$F$26)*$F$26 | D43: =MAX(0.02,(D42+(F42-$B$26*$F$26)*EXP(-$C$26*$F$26)*$F$26)) | E43: =IF((D42+(F42-$B$26*$F$26)*EXP(-$C$26*$F$26)*$F$26)<0.02,E42*EXP(-$C$26*$F$26)*$E$26,E42*EXP(-$C$26*$F$26)) | F43: =IF((D42+(F42-$B$26*$F$26)*EXP(-$C$26*$F$26)*$F$26)<0.02,-(F42-$B$26*$F$26)*EXP(-$C$26*$F$26)*$D$26,(F42-$B$26*$F$26)*EXP(-$C$26*$F$26))
A44: 16 | B44: =B43+$F$26 | C44: =C43+E43*EXP(-$C$26*$F$26)*$F$26 | D44: =MAX(0.02,(D43+(F43-$B$26*$F$26)*EXP(-$C$26*$F$26)*$F$26)) | E44: =IF((D43+(F43-$B$26*$F$26)*EXP(-$C$26*$F$26)*$F$26)<0.02,E43*EXP(-$C$26*$F$26)*$E$26,E43*EXP(-$C$26*$F$26)) | F44: =IF((D43+(F43-$B$26*$F$26)*EXP(-$C$26*$F$26)*$F$26)<0.02,-(F43-$B$26*$F$26)*EXP(-$C$26*$F$26)*$D$26,(F43-$B$26*$F$26)*EXP(-$C$26*$F$26))
A45: 17 | B45: =B44+$F$26 | C45: =C44+E44*EXP(-$C$26*$F$26)*$F$26 | D45: =MAX(0.02,(D44+(F44-$B$26*$F$26)*EXP(-$C$26*$F$26)*$F$26)) | E45: =IF((D44+(F44-$B$26*$F$26)*EXP(-$C$26*$F$26)*$F$26)<0.02,E44*EXP(-$C$26*$F$26)*$E$26,E44*EXP(-$C$26*$F$26)) | F45: =IF((D44+(F44-$B$26*$F$26)*EXP(-$C$26*$F$26)*$F$26)<0.02,-(F44-$B$26*$F$26)*EXP(-$C$26*$F$26)*$D$26,(F44-$B$26*$F$26)*EXP(-$C$26*$F$26))
A46: 18 | B46: =B45+$F$26 | C46: =C45+E45*EXP(-$C$26*$F$26)*$F$26 | D46: =MAX(0.02,(D45+(F45-$B$26*$F$26)*EXP(-$C$26*$F$26)*$F$26)) | E46: =IF((D45+(F45-$B$26*$F$26)*EXP(-$C$26*$F$26)*$F$26)<0.02,E45*EXP(-$C$26*$F$26)*$E$26,E45*EXP(-$C$26*$F$26)) | F46: =IF((D45+(F45-$B$26*$F$26)*EXP(-$C$26*$F$26)*$F$26)<0.02,-(F45-$B$26*$F$26)*EXP(-$C$26*$F$26)*$D$26,(F45-$B$26*$F$26)*EXP(-$C$26*$F$26))
A47: 19 | B47: =B46+$F$26 | C47: =C46+E46*EXP(-$C$26*$F$26)*$F$26 | D47: =MAX(0.02,(D46+(F46-$B$26*$F$26)*EXP(-$C$26*$F$26)*$F$26)) | E47: =IF((D46+(F46-$B$26*$F$26)*EXP(-$C$26*$F$26)*$F$26)<0.02,E46*EXP(-$C$26*$F$26)*$E$26,E46*EXP(-$C$26*$F$26)) | F47: =IF((D46+(F46-$B$26*$F$26)*EXP(-$C$26*$F$26)*$F$26)<0.02,-(F46-$B$26*$F$26)*EXP(-$C$26*$F$26)*$D$26,(F46-$B$26*$F$26)*EXP(-$C$26*$F$26))
... A56: 28 | B56: =B55+$F$26 | C56: =C55+E55*EXP(-$C$26*$F$26)*$F$26 | D56: =MAX(0.02,(D55+(F55-$B$26*$F$26)*EXP(-$C$26*$F$26)*$F$26)) | E56: =IF((D55+(F55-$B$26*$F$26)*EXP(-$C$26*$F$26)*$F$26)<0.02,E55*EXP(-$C$26*$F$26)*$E$26,E55*EXP(-$C$26*$F$26)) | F56: =IF((D55+(F55-$B$26*$F$26)*EXP(-$C$26*$F$26)*$F$26)<0.02,-(F55-$B$26*$F$26)*EXP(-$C$26*$F$26)*$D$26,(F55-$B$26*$F$26)*EXP(-$C$26*$F$26))

Sheet Duty_Cycle
A1: Duty_Cycle: 24-hour roster of the 8 on-duty soldiers (2 shifts, not 6-hour shifts)
A2: Legend: yellow = input from the code; white = formula.
A3: Source: scene/Garrison.h kDayShiftStart 6.4, kDayShiftEnd 17.6, dayShift(); Garrison.cpp makePrograms() and shiftDelay = 1 + 2.5 rank s; rosters from ts --export-docs v6.garrison.soldiers.
B5: day start (h) | D5: 6.4 | F5: day end (h) | H5: 17.6 | J5: day shift | L5: =TEXT($D$5/24,"hh:mm")&"-"&TEXT($H$5/24,"hh:mm") | O5: hours | Q5: =$H$5-$D$5 | S5: night hours | U5: =24-($H$5-$D$5) | W5: DayBreak, Dusk | Y5: 6.45 | Z5: 17.6
A7: # | B7: role | C7: day roster (export) | O7: night roster (export) | Y7: day | Z7: night
A8: 1 | B8: SENTRY | C8: guard: inner gate and gate road (INNER GATE -> GATE ROAD) | O8: guard: inner gate (INNER GATE) | Y8: =IF(LEFT(C8,FIND(":",C8)-1)="off duty","off",LEFT(C8,FIND(":",C8)-1)) | Z8: =IF(LEFT(O8,FIND(":",O8)-1)="off duty","off",LEFT(O8,FIND(":",O8)-1))
A9: 2 | B9: WATCH | C9: guard: watchtower and east wood look-out (WATCHTOWER -> EAST WOOD) | O9: guard: sandbag guard post (SANDBAG POST) | Y9: =IF(LEFT(C9,FIND(":",C9)-1)="off duty","off",LEFT(C9,FIND(":",C9)-1)) | Z9: =IF(LEFT(O9,FIND(":",O9)-1)="off duty","off",LEFT(O9,FIND(":",O9)-1))
A10: 3 | B10: GUNNER | C10: walk: patrol loop on the east apron | O10: guard: machine-gun nest (MG NEST) | Y10: =IF(LEFT(C10,FIND(":",C10)-1)="off duty","off",LEFT(C10,FIND(":",C10)-1)) | Z10: =IF(LEFT(O10,FIND(":",O10)-1)="off duty","off",LEFT(O10,FIND(":",O10)-1))
A11: 4 | B11: MECHANIC | C11: work: wrench at the parked tank and the helicopter (MBT-2 ENGINE DECK -> HELICOPTER) | O11: off duty: bunk room (south bunk) (BUNK ROOM) | Y11: =IF(LEFT(C11,FIND(":",C11)-1)="off duty","off",LEFT(C11,FIND(":",C11)-1)) | Z11: =IF(LEFT(O11,FIND(":",O11)-1)="off duty","off",LEFT(O11,FIND(":",O11)-1))
A12: 5 | B12: LOGISTICS | C12: work: carry crates from the depot to the ammunition bunker (FUEL DEPOT -> AMMO BUNKER) | O12: off duty: bunk room (mess table) (MESS BENCH) | Y12: =IF(LEFT(C12,FIND(":",C12)-1)="off duty","off",LEFT(C12,FIND(":",C12)-1)) | Z12: =IF(LEFT(O12,FIND(":",O12)-1)="off duty","off",LEFT(O12,FIND(":",O12)-1))
A13: 6 | B13: TECHNICIAN | C13: work: inspect the radar and the AA gun (RADAR -> AA GUN PIT) | O13: work: plotting table in the command room (COMMAND ROOM) | Y13: =IF(LEFT(C13,FIND(":",C13)-1)="off duty","off",LEFT(C13,FIND(":",C13)-1)) | Z13: =IF(LEFT(O13,FIND(":",O13)-1)="off duty","off",LEFT(O13,FIND(":",O13)-1))
A14: 7 | B14: PATROL | C14: walk: patrol loop inside the compound | O14: guard: east guard tower (GUARD TOWER E) | Y14: =IF(LEFT(C14,FIND(":",C14)-1)="off duty","off",LEFT(C14,FIND(":",C14)-1)) | Z14: =IF(LEFT(O14,FIND(":",O14)-1)="off duty","off",LEFT(O14,FIND(":",O14)-1))
A15: 8 | B15: RUNNER | C15: run: running loop on the south apron | O15: off duty: bunk room (north bunk) (BUNK ROOM) | Y15: =IF(LEFT(C15,FIND(":",C15)-1)="off duty","off",LEFT(C15,FIND(":",C15)-1)) | Z15: =IF(LEFT(O15,FIND(":",O15)-1)="off duty","off",LEFT(O15,FIND(":",O15)-1))
A17: 24-hour grid: state at the middle of each hour = IF(day start <= h + 0.5 < day end, day kind, night kind)
A18: # | B18: role | C18: 0 | D18: 1 | E18: 2 | F18: 3 | G18: 4 | H18: 5 | I18: 6 | J18: 7 | K18: 8 | L18: 9 | M18: 10 | N18: 11 | O18: 12 | P18: 13 | Q18: 14 | R18: 15 | S18: 16 | T18: 17 | U18: 18 | V18: 19 | W18: 20 | X18: 21 | Y18: 22 | Z18: 23
A19: 1 | B19: =B8 | C19: =IF(AND(C$18+0.5>=$D$5,C$18+0.5<$H$5),$Y$8,$Z$8) | D19: =IF(AND(D$18+0.5>=$D$5,D$18+0.5<$H$5),$Y$8,$Z$8) | E19: =IF(AND(E$18+0.5>=$D$5,E$18+0.5<$H$5),$Y$8,$Z$8) | F19: =IF(AND(F$18+0.5>=$D$5,F$18+0.5<$H$5),$Y$8,$Z$8) | G19: =IF(AND(G$18+0.5>=$D$5,G$18+0.5<$H$5),$Y$8,$Z$8) | H19: =IF(AND(H$18+0.5>=$D$5,H$18+0.5<$H$5),$Y$8,$Z$8) | I19: =IF(AND(I$18+0.5>=$D$5,I$18+0.5<$H$5),$Y$8,$Z$8) | J19: =IF(AND(J$18+0.5>=$D$5,J$18+0.5<$H$5),$Y$8,$Z$8) | ... Z19: =IF(AND(Z$18+0.5>=$D$5,Z$18+0.5<$H$5),$Y$8,$Z$8)
A20: 2 | B20: =B9 | C20: =IF(AND(C$18+0.5>=$D$5,C$18+0.5<$H$5),$Y$9,$Z$9) | D20: =IF(AND(D$18+0.5>=$D$5,D$18+0.5<$H$5),$Y$9,$Z$9) | E20: =IF(AND(E$18+0.5>=$D$5,E$18+0.5<$H$5),$Y$9,$Z$9) | F20: =IF(AND(F$18+0.5>=$D$5,F$18+0.5<$H$5),$Y$9,$Z$9) | G20: =IF(AND(G$18+0.5>=$D$5,G$18+0.5<$H$5),$Y$9,$Z$9) | H20: =IF(AND(H$18+0.5>=$D$5,H$18+0.5<$H$5),$Y$9,$Z$9) | I20: =IF(AND(I$18+0.5>=$D$5,I$18+0.5<$H$5),$Y$9,$Z$9) | J20: =IF(AND(J$18+0.5>=$D$5,J$18+0.5<$H$5),$Y$9,$Z$9) | ... Z20: =IF(AND(Z$18+0.5>=$D$5,Z$18+0.5<$H$5),$Y$9,$Z$9)
A21: 3 | B21: =B10 | C21: =IF(AND(C$18+0.5>=$D$5,C$18+0.5<$H$5),$Y$10,$Z$10) | D21: =IF(AND(D$18+0.5>=$D$5,D$18+0.5<$H$5),$Y$10,$Z$10) | E21: =IF(AND(E$18+0.5>=$D$5,E$18+0.5<$H$5),$Y$10,$Z$10) | F21: =IF(AND(F$18+0.5>=$D$5,F$18+0.5<$H$5),$Y$10,$Z$10) | G21: =IF(AND(G$18+0.5>=$D$5,G$18+0.5<$H$5),$Y$10,$Z$10) | H21: =IF(AND(H$18+0.5>=$D$5,H$18+0.5<$H$5),$Y$10,$Z$10) | I21: =IF(AND(I$18+0.5>=$D$5,I$18+0.5<$H$5),$Y$10,$Z$10) | J21: =IF(AND(J$18+0.5>=$D$5,J$18+0.5<$H$5),$Y$10,$Z$10) | ... Z21: =IF(AND(Z$18+0.5>=$D$5,Z$18+0.5<$H$5),$Y$10,$Z$10)
A22: 4 | B22: =B11 | C22: =IF(AND(C$18+0.5>=$D$5,C$18+0.5<$H$5),$Y$11,$Z$11) | D22: =IF(AND(D$18+0.5>=$D$5,D$18+0.5<$H$5),$Y$11,$Z$11) | E22: =IF(AND(E$18+0.5>=$D$5,E$18+0.5<$H$5),$Y$11,$Z$11) | F22: =IF(AND(F$18+0.5>=$D$5,F$18+0.5<$H$5),$Y$11,$Z$11) | G22: =IF(AND(G$18+0.5>=$D$5,G$18+0.5<$H$5),$Y$11,$Z$11) | H22: =IF(AND(H$18+0.5>=$D$5,H$18+0.5<$H$5),$Y$11,$Z$11) | I22: =IF(AND(I$18+0.5>=$D$5,I$18+0.5<$H$5),$Y$11,$Z$11) | J22: =IF(AND(J$18+0.5>=$D$5,J$18+0.5<$H$5),$Y$11,$Z$11) | ... Z22: =IF(AND(Z$18+0.5>=$D$5,Z$18+0.5<$H$5),$Y$11,$Z$11)
A23: 5 | B23: =B12 | C23: =IF(AND(C$18+0.5>=$D$5,C$18+0.5<$H$5),$Y$12,$Z$12) | D23: =IF(AND(D$18+0.5>=$D$5,D$18+0.5<$H$5),$Y$12,$Z$12) | E23: =IF(AND(E$18+0.5>=$D$5,E$18+0.5<$H$5),$Y$12,$Z$12) | F23: =IF(AND(F$18+0.5>=$D$5,F$18+0.5<$H$5),$Y$12,$Z$12) | G23: =IF(AND(G$18+0.5>=$D$5,G$18+0.5<$H$5),$Y$12,$Z$12) | H23: =IF(AND(H$18+0.5>=$D$5,H$18+0.5<$H$5),$Y$12,$Z$12) | I23: =IF(AND(I$18+0.5>=$D$5,I$18+0.5<$H$5),$Y$12,$Z$12) | J23: =IF(AND(J$18+0.5>=$D$5,J$18+0.5<$H$5),$Y$12,$Z$12) | ... Z23: =IF(AND(Z$18+0.5>=$D$5,Z$18+0.5<$H$5),$Y$12,$Z$12)
A24: 6 | B24: =B13 | C24: =IF(AND(C$18+0.5>=$D$5,C$18+0.5<$H$5),$Y$13,$Z$13) | D24: =IF(AND(D$18+0.5>=$D$5,D$18+0.5<$H$5),$Y$13,$Z$13) | E24: =IF(AND(E$18+0.5>=$D$5,E$18+0.5<$H$5),$Y$13,$Z$13) | F24: =IF(AND(F$18+0.5>=$D$5,F$18+0.5<$H$5),$Y$13,$Z$13) | G24: =IF(AND(G$18+0.5>=$D$5,G$18+0.5<$H$5),$Y$13,$Z$13) | H24: =IF(AND(H$18+0.5>=$D$5,H$18+0.5<$H$5),$Y$13,$Z$13) | I24: =IF(AND(I$18+0.5>=$D$5,I$18+0.5<$H$5),$Y$13,$Z$13) | J24: =IF(AND(J$18+0.5>=$D$5,J$18+0.5<$H$5),$Y$13,$Z$13) | ... Z24: =IF(AND(Z$18+0.5>=$D$5,Z$18+0.5<$H$5),$Y$13,$Z$13)
A25: 7 | B25: =B14 | C25: =IF(AND(C$18+0.5>=$D$5,C$18+0.5<$H$5),$Y$14,$Z$14) | D25: =IF(AND(D$18+0.5>=$D$5,D$18+0.5<$H$5),$Y$14,$Z$14) | E25: =IF(AND(E$18+0.5>=$D$5,E$18+0.5<$H$5),$Y$14,$Z$14) | F25: =IF(AND(F$18+0.5>=$D$5,F$18+0.5<$H$5),$Y$14,$Z$14) | G25: =IF(AND(G$18+0.5>=$D$5,G$18+0.5<$H$5),$Y$14,$Z$14) | H25: =IF(AND(H$18+0.5>=$D$5,H$18+0.5<$H$5),$Y$14,$Z$14) | I25: =IF(AND(I$18+0.5>=$D$5,I$18+0.5<$H$5),$Y$14,$Z$14) | J25: =IF(AND(J$18+0.5>=$D$5,J$18+0.5<$H$5),$Y$14,$Z$14) | ... Z25: =IF(AND(Z$18+0.5>=$D$5,Z$18+0.5<$H$5),$Y$14,$Z$14)
A26: 8 | B26: =B15 | C26: =IF(AND(C$18+0.5>=$D$5,C$18+0.5<$H$5),$Y$15,$Z$15) | D26: =IF(AND(D$18+0.5>=$D$5,D$18+0.5<$H$5),$Y$15,$Z$15) | E26: =IF(AND(E$18+0.5>=$D$5,E$18+0.5<$H$5),$Y$15,$Z$15) | F26: =IF(AND(F$18+0.5>=$D$5,F$18+0.5<$H$5),$Y$15,$Z$15) | G26: =IF(AND(G$18+0.5>=$D$5,G$18+0.5<$H$5),$Y$15,$Z$15) | H26: =IF(AND(H$18+0.5>=$D$5,H$18+0.5<$H$5),$Y$15,$Z$15) | I26: =IF(AND(I$18+0.5>=$D$5,I$18+0.5<$H$5),$Y$15,$Z$15) | J26: =IF(AND(J$18+0.5>=$D$5,J$18+0.5<$H$5),$Y$15,$Z$15) | ... Z26: =IF(AND(Z$18+0.5>=$D$5,Z$18+0.5<$H$5),$Y$15,$Z$15)
A27: on duty (not off) | C27: =COUNTIF(C19:C26,"<>off") | D27: =COUNTIF(D19:D26,"<>off") | E27: =COUNTIF(E19:E26,"<>off") | F27: =COUNTIF(F19:F26,"<>off") | G27: =COUNTIF(G19:G26,"<>off") | H27: =COUNTIF(H19:H26,"<>off") | I27: =COUNTIF(I19:I26,"<>off") | J27: =COUNTIF(J19:J26,"<>off") | ... Z27: =COUNTIF(Z19:Z26,"<>off")
A28: shift | C28: =IF(AND(C$18+0.5>=$D$5,C$18+0.5<$H$5),"DAY","NIGHT") | D28: =IF(AND(D$18+0.5>=$D$5,D$18+0.5<$H$5),"DAY","NIGHT") | E28: =IF(AND(E$18+0.5>=$D$5,E$18+0.5<$H$5),"DAY","NIGHT") | F28: =IF(AND(F$18+0.5>=$D$5,F$18+0.5<$H$5),"DAY","NIGHT") | G28: =IF(AND(G$18+0.5>=$D$5,G$18+0.5<$H$5),"DAY","NIGHT") | H28: =IF(AND(H$18+0.5>=$D$5,H$18+0.5<$H$5),"DAY","NIGHT") | I28: =IF(AND(I$18+0.5>=$D$5,I$18+0.5<$H$5),"DAY","NIGHT") | J28: =IF(AND(J$18+0.5>=$D$5,J$18+0.5<$H$5),"DAY","NIGHT") | ... Z28: =IF(AND(Z$18+0.5>=$D$5,Z$18+0.5<$H$5),"DAY","NIGHT")
A29: Colours: grey off duty, red guard, blue work, green walk (patrol), yellow run.
A31: Staggered shift change: departure delay = 1 + 2.5 rank (s, simulation time; rank = seeded order)
A32: rank | C32: 0 | E32: 1 | G32: 2 | I32: 3 | K32: 4 | M32: 5 | O32: 6 | Q32: 7
A33: delay (s) | C33: =1+2.5*C32 | E33: =1+2.5*E32 | G33: =1+2.5*G32 | I33: =1+2.5*I32 | K33: =1+2.5*K32 | M33: =1+2.5*M32 | O33: =1+2.5*O32 | Q33: =1+2.5*Q32
A34: The day shift follows the sun (DayBreak about 06:27, Dusk 17:36 at latitude 22.8 deg). Two shifts; the spec's 6-hour shifts are not in the code.

Sheet Performance
A1: Performance: benchmark import (report/data/bench.csv)
A2: Legend: yellow = input from the code; white = formula.
A3: Source: report/data/bench.csv written by the benchmark run (ts --benchmark / --bench-shots); this sheet is rebuilt by tools/v10/build_cg_workbook.py.
A5: IMPORT AREA: rows below are copied from bench.csv (yellow); derived columns are formulas.
A6: config | B6: avg_ms | C6: p95_ms | D6: avg_fps | E6: draw_calls | F6: triangles | G6: 1000 / avg_ms (fps) | H6: fps check (diff) | I6: triangles per draw
A7: EPIC day 10:30 | B7: 11.8961 | C7: 16.9807 | D7: 84.0609 | E7: 242.385 | F7: 4112850 | G7: =IF(B7>0,1000/B7,0) | H7: =G7-D7 | I7: =IF(E7>0,F7/E7,0)
A8: EPIC night 23:00 (game: waves, UAVs) | B8: 15.328 | C8: 20.5757 | D8: 65.2399 | E8: 961.927 | F8: 4116830 | G8: =IF(B8>0,1000/B8,0) | H8: =G8-D8 | I8: =IF(E8>0,F8/E8,0)
A9: EPIC day, thermal view | B9: 12.9298 | C9: 17.4494 | D9: 77.3409 | E9: 53.3408 | F9: 1477730 | G9: =IF(B9>0,1000/B9,0) | H9: =G9-D9 | I9: =IF(E9>0,F9/E9,0)
A10: EPIC night, thermal view | B10: 13.3205 | C10: 17.3572 | D10: 75.0723 | E10: 61.0413 | F10: 1545670 | G10: =IF(B10>0,1000/B10,0) | H10: =G10-D10 | I10: =IF(E10>0,F10/E10,0)
A11: EPIC day, shadows off | B11: 15.4275 | C11: 17.4757 | D11: 64.8193 | E11: 187.354 | F11: 4138570 | G11: =IF(B11>0,1000/B11,0) | H11: =G11-D11 | I11: =IF(E11>0,F11/E11,0)
A12: EPIC night, shadows off | B12: 16.7837 | C12: 24.0234 | D12: 59.5816 | E12: 886.196 | F12: 4170890 | G12: =IF(B12>0,1000/B12,0) | H12: =G12-D12 | I12: =IF(E12>0,F12/E12,0)
A13: EPIC day, non-indexed | B13: 52.9678 | C13: 62.0608 | D13: 18.8794 | E13: 3827.73 | F13: 4133000 | G13: =IF(B13>0,1000/B13,0) | H13: =G13-D13 | I13: =IF(E13>0,F13/E13,0)
A14: ULTRA day | B14: 16.686 | C14: 20.5126 | D14: 59.9305 | E14: 245.781 | F14: 2614220 | G14: =IF(B14>0,1000/B14,0) | H14: =G14-D14 | I14: =IF(E14>0,F14/E14,0)
A15: HIGH day | B15: 14.9135 | C15: 20.1891 | D15: 67.0533 | E15: 186.921 | F15: 1518500 | G15: =IF(B15>0,1000/B15,0) | H15: =G15-D15 | I15: =IF(E15>0,F15/E15,0)
A16: LOW day | B16: 12.6165 | C16: 20.0443 | D16: 79.2615 | E16: 177.751 | F16: 1385390 | G16: =IF(B16>0,1000/B16,0) | H16: =G16-D16 | I16: =IF(E16>0,F16/E16,0)
A17: v1 look (no post) day | B17: 11.6958 | C17: 19.0796 | D17: 85.5011 | E17: 154.075 | F17: 1441730 | G17: =IF(B17>0,1000/B17,0) | H17: =G17-D17 | I17: =IF(E17>0,F17/E17,0)
